2026-06-30 10:58:07 USER=saim LAB=lab1
2026-06-30 11:27:35 USER=saim LAB=lab1
2026-06-30 11:37:42 USER=saim LAB=lab1
2026-06-30 11:42:16 USER=saim LAB=lab1
2026-06-30 12:48:37 USER=saim LAB=lab1
2026-06-30 12:49:02 USER=saim LAB=lab1
2026-06-30 12:49:43 USER=saim LAB=lab1
2026-06-30 16:01:59 USER=saim LAB=lab1
2026-06-30 16:12:15 USER=saim LAB=lab1
2026-06-30 16:34:47 USER=saim LAB=lab1
2026-06-30 16:39:34 USER=saim LAB=lab1
2026-06-30 16:41:08 USER=saim LAB=lab1
2026-06-30 17:02:14 USER=saim LAB=lab1
2026-06-30 17:22:06 USER=saim LAB=lab1
2026-06-30 17:26:34 USER=saim LAB=lab1
2026-06-30 17:39:38 USER=saim LAB=lab1
2026-06-30 17:50:35 USER=saim LAB=lab1
2026-06-30 17:54:56 USER=saim LAB=lab1
2026-06-30 17:58:01 USER=saim LAB=lab1
2026-06-30 18:00:44 USER=saim LAB=lab1
2026-06-30 18:15:37 USER=saim LAB=lab1
2026-06-30 18:15:59 USER=saim LAB=lab1
2026-06-30 18:17:44 USER=saim LAB=lab1
2026-06-30 18:17:45 USER=saim LAB=lab1
2026-06-30 18:18:35 USER=saim LAB=lab1
2026-06-30 18:48:06 USER=saim LAB=lab1
2026-08-10 11:02:07 USER=saim LAB=lab204 HOME=/home/saim
2026-08-10 11:40:25 USER=saim LAB=lab204 HOME=/home/saim
2026-08-10 11:46:08 USER=saim LAB=lab204 HOME=/home/saim
2026-08-10 11:46:40 USER=saim LAB=lab204 HOME=/home/saim
2026-08-10 11:53:09 USER=saim LAB=lab204 HOME=/home/saim
2026-08-10 11:53:25 USER=abdullah.anjum LAB=lab201 HOME=/home/abdullah.anjum
2026-08-10 12:28:12 USER=saim LAB=lab204 HOME=/home/saim
2026-08-10 12:29:31 USER=abdullah.anjum LAB=lab205 HOME=/home/abdullah.anjum
2026-08-10 14:07:13 USER=saim LAB=lab204 HOME=/home/saim
2026-08-10 15:20:21 USER=saim LAB=lab204 HOME=/home/saim
2026-08-10 15:34:25 USER=saim LAB=lab204 HOME=/home/saim
2026-08-10 15:35:12 USER=saim LAB=lab204 HOME=/home/saim
2026-08-10 15:48:30 USER=saim LAB=lab204 HOME=/home/saim
2026-08-10 16:01:56 USER=saim LAB=lab204 HOME=/home/saim
2026-08-10 16:07:18 USER=saim LAB=lab204 HOME=/home/saim
2026-08-10 19:42:28 USER=rupinder.kaur LAB=lab205 HOME=/home/rupinder.kaur
2026-08-10 19:42:53 USER=rupinder.kaur LAB=lab205 HOME=/home/rupinder.kaur
2026-08-10 19:44:02 USER=saim LAB=lab205 HOME=/home/saim
2026-08-10 20:10:12 USER=saim LAB=lab205 HOME=/home/saim
2026-08-10 20:20:26 USER=rupinder.kaur LAB=lab205 HOME=/home/rupinder.kaur
2026-08-10 21:04:32 USER=saim LAB=lab205 HOME=/home/saim
2026-08-10 21:29:03 USER=saim LAB=lab205 HOME=/home/saim
2026-08-10 21:33:03 USER=saim LAB=lab205 HOME=/home/saim
2026-08-10 22:06:49 USER=hasnat.kamal LAB=lab205 HOME=/home/hasnat.kamal
2026-08-10 22:08:29 USER=hasnat.kamal LAB=lab201 HOME=/home/hasnat.kamal
2026-08-10 22:10:26 USER=hasnat.kamal LAB=lab201 HOME=/home/hasnat.kamal
2026-08-10 22:12:00 USER=hasnat.kamal LAB=lab202 HOME=/home/hasnat.kamal
2026-08-10 22:20:00 USER=sameer.awais LAB=lab203 HOME=/home/sameer.awais
2026-08-10 22:34:47 USER=gurmat.kaur LAB=lab202 HOME=/home/gurmat.kaur
2026-08-10 22:35:32 USER=gurmat.kaur LAB=lab202 HOME=/home/gurmat.kaur
2026-08-10 22:41:49 USER=sameer.awais LAB=lab201 HOME=/home/sameer.awais
2026-08-10 22:46:53 USER=sameer.awais LAB=lab201 HOME=/home/sameer.awais
2026-08-10 23:27:01 USER=ayesha.abdullah LAB=lab204 HOME=/home/ayesha.abdullah
2026-08-10 23:43:39 USER=ayesha.abdullah LAB=lab204 HOME=/home/ayesha.abdullah
2026-08-11 00:14:02 USER=hasnat.kamal LAB=lab101 HOME=/home/hasnat.kamal
2026-08-11 00:15:54 USER=hasnat.kamal LAB=lab204 HOME=/home/hasnat.kamal
2026-08-11 00:16:40 USER=hasnat.kamal LAB=lab205 HOME=/home/hasnat.kamal
2026-08-11 00:59:32 USER=nimat.ullah LAB=lab201 HOME=/home/nimat.ullah
2026-08-11 03:13:33 USER=mehedi.hasan LAB=lab201 HOME=/home/mehedi.hasan
2026-08-11 04:09:57 USER=nimat.ullah LAB=lab202 HOME=/home/nimat.ullah
2026-08-11 04:41:31 USER=rikza.ali LAB=lab101 HOME=/home/rikza.ali
2026-08-11 05:05:38 USER=isbah.noor LAB=lab204 HOME=/home/isbah.noor
2026-08-11 05:09:33 USER=isbah.noor LAB=lab204 HOME=/home/isbah.noor
2026-08-11 05:14:16 USER=isbah.noor LAB=lab204 HOME=/home/isbah.noor
2026-08-11 05:19:20 USER=isbah.noor LAB=lab204 HOME=/home/isbah.noor
2026-08-11 05:28:54 USER=rikza.ali LAB=lab103 HOME=/home/rikza.ali
2026-08-11 05:33:59 USER=waqar.zahoor LAB=lab205 HOME=/home/waqar.zahoor
2026-08-11 05:34:17 USER=waqar.zahoor LAB=lab204 HOME=/home/waqar.zahoor
2026-08-11 05:37:21 USER=waqar.zahoor LAB=lab204 HOME=/home/waqar.zahoor
2026-08-11 05:38:49 USER=isbah.noor LAB=lab202 HOME=/home/isbah.noor
2026-08-11 05:39:09 USER=waqar.zahoor LAB=lab204 HOME=/home/waqar.zahoor
2026-08-11 05:40:07 USER=waqar.zahoor LAB=lab204 HOME=/home/waqar.zahoor
2026-08-11 05:41:52 USER=waqar.zahoor LAB=lab204 HOME=/home/waqar.zahoor
2026-08-11 05:42:46 USER=waqar.zahoor LAB=lab204 HOME=/home/waqar.zahoor
2026-08-11 05:43:28 USER=isbah.noor LAB=lab204 HOME=/home/isbah.noor
2026-08-11 05:47:17 USER=isbah.noor LAB=lab204 HOME=/home/isbah.noor
2026-08-11 08:02:23 USER=hajra.iftikhar LAB=lab204 HOME=/home/hajra.iftikhar
2026-08-11 08:04:27 USER=hajra.iftikhar LAB=lab204 HOME=/home/hajra.iftikhar
2026-08-11 11:03:58 USER=saim LAB=lab203 HOME=/home/saim
2026-08-11 11:07:59 USER=saim LAB=lab203 HOME=/home/saim
2026-08-11 11:08:31 USER=saim LAB=lab203 HOME=/home/saim
2026-08-11 11:16:15 USER=saim LAB=lab203 HOME=/home/saim
2026-08-11 11:18:21 USER=waleed.javed LAB=lab101 HOME=/home/waleed.javed
2026-08-11 11:21:13 USER=saim LAB=lab203 HOME=/home/saim
2026-08-11 11:21:59 USER=saim LAB=lab203 HOME=/home/saim
2026-08-11 11:37:32 USER=hajra.iftikhar LAB=lab201 HOME=/home/hajra.iftikhar
2026-08-11 12:26:11 USER=saim LAB=lab202 HOME=/home/saim
2026-08-11 13:24:16 USER=saim LAB=lab202 HOME=/home/saim
2026-08-11 13:35:47 USER=saim LAB=lab202 HOME=/home/saim
2026-08-11 13:51:00 USER=saim LAB=lab202 HOME=/home/saim
2026-08-11 13:56:40 USER=saim LAB=lab202 HOME=/home/saim
2026-08-11 13:58:02 USER=waleed.javed LAB=lab103 HOME=/home/waleed.javed
2026-08-11 16:48:07 USER=sameer.awais LAB=lab201 HOME=/home/sameer.awais
2026-08-11 16:48:22 USER=sameer.awais LAB=lab202 HOME=/home/sameer.awais
2026-08-11 17:45:09 USER=saim LAB=lab201 HOME=/home/saim
2026-08-11 17:53:59 USER=saim LAB=lab201 HOME=/home/saim
2026-08-11 18:06:08 USER=saim LAB=lab201 HOME=/home/saim
2026-08-11 18:18:22 USER=saim LAB=lab201 HOME=/home/saim
2026-08-11 18:21:33 USER=saim LAB=lab201 HOME=/home/saim
2026-08-11 18:58:05 USER=isbah.noor LAB=lab205 HOME=/home/isbah.noor
2026-08-11 19:06:42 USER=isbah.noor LAB=lab202 HOME=/home/isbah.noor
2026-08-11 19:35:55 USER=waleed.javed LAB=lab104 HOME=/home/waleed.javed
2026-08-11 20:08:04 USER=hasnat.kamal LAB=lab201 HOME=/home/hasnat.kamal
2026-08-11 20:09:58 USER=hasnat.kamal LAB=lab201 HOME=/home/hasnat.kamal
2026-08-11 20:13:47 USER=hasnat.kamal LAB=lab203 HOME=/home/hasnat.kamal
2026-08-12 00:40:07 USER=sardar.akmal LAB=lab205 HOME=/home/sardar.akmal
2026-08-12 01:21:46 USER=sardar.akmal LAB=lab205 HOME=/home/sardar.akmal
2026-08-12 02:47:58 USER=nimrah.nawaz LAB=lab201 HOME=/home/nimrah.nawaz
2026-08-12 02:48:40 USER=ahmed.mohammed LAB=lab201 HOME=/home/ahmed.mohammed
2026-08-12 03:11:58 USER=ahmed.mohammed LAB=lab202 HOME=/home/ahmed.mohammed
2026-08-12 03:34:56 USER=nimrah.nawaz LAB=lab202 HOME=/home/nimrah.nawaz
2026-08-12 04:34:22 USER=gurmat.kaur LAB=lab201 HOME=/home/gurmat.kaur
2026-08-12 04:36:06 USER=fakhr.rabbani LAB=lab201 HOME=/home/fakhr.rabbani
2026-08-12 05:10:54 USER=muhammad.khan LAB=lab101 HOME=/home/muhammad.khan
2026-08-12 05:14:07 USER=muhammad.khan LAB=lab205 HOME=/home/muhammad.khan
2026-08-12 05:15:30 USER=muhammad.khan LAB=lab204 HOME=/home/muhammad.khan
2026-08-12 09:35:11 USER=sameer.awais LAB=lab201 HOME=/home/sameer.awais
2026-08-12 09:35:56 USER=sameer.awais LAB=lab201 HOME=/home/sameer.awais
2026-08-12 09:38:41 USER=sameer.awais LAB=lab201 HOME=/home/sameer.awais
2026-08-12 09:39:35 USER=sameer.awais LAB=lab201 HOME=/home/sameer.awais
2026-08-12 09:42:10 USER=sameer.awais LAB=lab202 HOME=/home/sameer.awais
2026-08-12 09:46:28 USER=sameer.awais LAB=lab202 HOME=/home/sameer.awais
2026-08-12 09:49:39 USER=sameer.awais LAB=lab202 HOME=/home/sameer.awais
2026-08-12 09:51:16 USER=sameer.awais LAB=lab202 HOME=/home/sameer.awais
2026-08-12 09:52:40 USER=sameer.awais LAB=lab202 HOME=/home/sameer.awais
2026-08-12 09:54:35 USER=sameer.awais LAB=lab202 HOME=/home/sameer.awais
2026-08-12 09:56:46 USER=sameer.awais LAB=lab202 HOME=/home/sameer.awais
2026-08-12 09:57:18 USER=sameer.awais LAB=lab202 HOME=/home/sameer.awais
2026-08-12 09:57:56 USER=sameer.awais LAB=lab202 HOME=/home/sameer.awais
2026-08-12 09:59:21 USER=sameer.awais LAB=lab202 HOME=/home/sameer.awais
2026-08-12 09:59:33 USER=sameer.awais LAB=lab202 HOME=/home/sameer.awais
2026-08-12 10:00:50 USER=sameer.awais LAB=lab203 HOME=/home/sameer.awais
2026-08-12 10:01:43 USER=sameer.awais LAB=lab203 HOME=/home/sameer.awais
2026-08-12 10:02:10 USER=sameer.awais LAB=lab203 HOME=/home/sameer.awais
2026-08-12 10:03:49 USER=sameer.awais LAB=lab203 HOME=/home/sameer.awais
2026-08-12 10:05:54 USER=sameer.awais LAB=lab203 HOME=/home/sameer.awais
2026-08-12 10:07:04 USER=sameer.awais LAB=lab203 HOME=/home/sameer.awais
2026-08-12 10:07:55 USER=sameer.awais LAB=lab203 HOME=/home/sameer.awais
2026-08-12 10:10:02 USER=sameer.awais LAB=lab204 HOME=/home/sameer.awais
2026-08-12 10:11:17 USER=sameer.awais LAB=lab204 HOME=/home/sameer.awais
2026-08-12 10:13:00 USER=sameer.awais LAB=lab204 HOME=/home/sameer.awais
2026-08-12 10:14:49 USER=sameer.awais LAB=lab204 HOME=/home/sameer.awais
2026-08-12 10:16:37 USER=sameer.awais LAB=lab204 HOME=/home/sameer.awais
2026-08-12 13:15:52 USER=fatima.tabusum LAB=lab202 HOME=/home/fatima.tabusum
2026-08-12 13:17:27 USER=fatima.tabusum LAB=lab204 HOME=/home/fatima.tabusum
2026-08-12 13:18:11 USER=fatima.tabusum LAB=lab202 HOME=/home/fatima.tabusum
2026-08-12 13:18:47 USER=fatima.tabusum LAB=lab201 HOME=/home/fatima.tabusum
2026-08-12 13:33:55 USER=fatima.tabusum LAB=lab201 HOME=/home/fatima.tabusum
2026-08-12 14:57:01 USER=ayesha.abdullah LAB=lab201 HOME=/home/ayesha.abdullah
2026-08-12 14:57:50 USER=ayesha.abdullah LAB=lab201 HOME=/home/ayesha.abdullah
2026-08-12 16:21:55 USER=lubna.nazir LAB=lab201 HOME=/home/lubna.nazir
2026-08-12 16:40:27 USER=fatima.tabusum LAB=lab204 HOME=/home/fatima.tabusum
2026-08-12 17:16:39 USER=lubna.nazir LAB=lab202 HOME=/home/lubna.nazir
2026-08-12 17:30:20 USER=jenny.salman LAB=lab201 HOME=/home/jenny.salman
2026-08-12 17:41:41 USER=mohammad.muneeb LAB=lab205 HOME=/home/mohammad.muneeb
2026-08-12 17:50:27 USER=ahmed.mohammed LAB=lab203 HOME=/home/ahmed.mohammed
2026-08-12 17:58:44 USER=janit.rashid LAB=lab201 HOME=/home/janit.rashid
2026-08-12 18:09:20 USER=jenny.salman LAB=lab201 HOME=/home/jenny.salman
2026-08-12 18:20:14 USER=david.salame LAB=lab201 HOME=/home/david.salame
2026-08-12 18:21:41 USER=david.salame LAB=lab201 HOME=/home/david.salame
2026-08-12 18:23:01 USER=david.salame LAB=lab201 HOME=/home/david.salame
2026-08-12 18:25:16 USER=asfiya.umair LAB=lab203 HOME=/home/asfiya.umair
2026-08-12 18:26:17 USER=david.salame LAB=lab201 HOME=/home/david.salame
2026-08-12 18:29:16 USER=david.salame LAB=lab201 HOME=/home/david.salame
2026-08-12 18:29:54 USER=jenny.salman LAB=lab201 HOME=/home/jenny.salman
2026-08-12 18:30:32 USER=david.salame LAB=lab201 HOME=/home/david.salame
2026-08-12 18:31:28 USER=asfiya.umair LAB=lab203 HOME=/home/asfiya.umair
2026-08-12 18:32:14 USER=david.salame LAB=lab201 HOME=/home/david.salame
2026-08-12 18:33:24 USER=jenny.salman LAB=lab201 HOME=/home/jenny.salman
2026-08-12 18:42:49 USER=jenny.salman LAB=lab201 HOME=/home/jenny.salman
2026-08-12 18:43:54 USER=david.salame LAB=lab201 HOME=/home/david.salame
2026-08-12 18:45:15 USER=jenny.salman LAB=lab201 HOME=/home/jenny.salman
2026-08-12 18:46:41 USER=david.salame LAB=lab201 HOME=/home/david.salame
2026-08-12 18:47:23 USER=david.salame LAB=lab201 HOME=/home/david.salame
2026-08-12 18:48:15 USER=david.salame LAB=lab201 HOME=/home/david.salame
2026-08-12 18:48:25 USER=jenny.salman LAB=lab201 HOME=/home/jenny.salman
2026-08-12 18:49:55 USER=david.salame LAB=lab201 HOME=/home/david.salame
2026-08-12 18:52:40 USER=david.salame LAB=lab201 HOME=/home/david.salame
2026-08-12 18:53:33 USER=asfiya.umair LAB=lab203 HOME=/home/asfiya.umair
2026-08-12 18:54:03 USER=mohammad.muneeb LAB=lab201 HOME=/home/mohammad.muneeb
2026-08-12 18:55:55 USER=ayesha.abdullah LAB=lab201 HOME=/home/ayesha.abdullah
2026-08-12 18:57:34 USER=jenny.salman LAB=lab201 HOME=/home/jenny.salman
2026-08-12 18:58:11 USER=david.salame LAB=lab201 HOME=/home/david.salame
2026-08-12 18:58:20 USER=mohammad.muneeb LAB=lab201 HOME=/home/mohammad.muneeb
2026-08-12 19:02:44 USER=mohammad.muneeb LAB=lab201 HOME=/home/mohammad.muneeb
2026-08-12 19:03:10 USER=mohammad.muneeb LAB=lab205 HOME=/home/mohammad.muneeb
2026-08-12 19:03:14 USER=jenny.salman LAB=lab201 HOME=/home/jenny.salman
2026-08-12 19:03:46 USER=jenny.salman LAB=lab201 HOME=/home/jenny.salman
2026-08-12 19:04:16 USER=mohammad.muneeb LAB=lab201 HOME=/home/mohammad.muneeb
2026-08-12 19:04:46 USER=david.salame LAB=lab201 HOME=/home/david.salame
2026-08-12 19:05:19 USER=jenny.salman LAB=lab201 HOME=/home/jenny.salman
2026-08-12 19:05:37 USER=david.salame LAB=lab201 HOME=/home/david.salame
2026-08-12 19:05:59 USER=david.salame LAB=lab201 HOME=/home/david.salame
2026-08-12 19:06:32 USER=jenny.salman LAB=lab201 HOME=/home/jenny.salman
2026-08-12 19:07:05 USER=mohammad.muneeb LAB=lab201 HOME=/home/mohammad.muneeb
2026-08-12 19:08:32 USER=david.salame LAB=lab202 HOME=/home/david.salame
2026-08-12 19:09:03 USER=david.salame LAB=lab202 HOME=/home/david.salame
2026-08-12 19:11:58 USER=david.salame LAB=lab202 HOME=/home/david.salame
2026-08-12 19:13:34 USER=jenny.salman LAB=lab201 HOME=/home/jenny.salman
2026-08-12 19:16:27 USER=david.salame LAB=lab202 HOME=/home/david.salame
2026-08-12 19:17:59 USER=mohammad.muneeb LAB=lab201 HOME=/home/mohammad.muneeb
2026-08-12 19:21:10 USER=david.salame LAB=lab202 HOME=/home/david.salame
2026-08-12 19:21:48 USER=mohammad.muneeb LAB=lab201 HOME=/home/mohammad.muneeb
2026-08-12 19:22:04 USER=david.salame LAB=lab202 HOME=/home/david.salame
2026-08-12 19:23:03 USER=mohammad.muneeb LAB=lab201 HOME=/home/mohammad.muneeb
2026-08-12 19:23:08 USER=fakhr.rabbani LAB=lab202 HOME=/home/fakhr.rabbani
2026-08-12 19:23:40 USER=david.salame LAB=lab202 HOME=/home/david.salame
2026-08-12 19:29:40 USER=fakhr.rabbani LAB=lab202 HOME=/home/fakhr.rabbani
2026-08-12 19:31:52 USER=david.salame LAB=lab202 HOME=/home/david.salame
2026-08-12 19:34:40 USER=david.salame LAB=lab202 HOME=/home/david.salame
2026-08-12 19:36:12 USER=fakhr.rabbani LAB=lab202 HOME=/home/fakhr.rabbani
2026-08-12 19:36:14 USER=david.salame LAB=lab202 HOME=/home/david.salame
2026-08-12 19:37:08 USER=david.salame LAB=lab202 HOME=/home/david.salame
2026-08-12 19:37:45 USER=mohammad.muneeb LAB=lab201 HOME=/home/mohammad.muneeb
2026-08-12 19:38:34 USER=mohammad.muneeb LAB=lab201 HOME=/home/mohammad.muneeb
2026-08-12 19:42:55 USER=mohammad.muneeb LAB=lab201 HOME=/home/mohammad.muneeb
2026-08-12 19:43:54 USER=david.salame LAB=lab202 HOME=/home/david.salame
2026-08-12 19:45:06 USER=mohammad.muneeb LAB=lab201 HOME=/home/mohammad.muneeb
2026-08-12 19:45:18 USER=david.salame LAB=lab202 HOME=/home/david.salame
2026-08-12 19:47:57 USER=david.salame LAB=lab202 HOME=/home/david.salame
2026-08-12 19:48:17 USER=abdulrahman.alshehri LAB=lab202 HOME=/home/abdulrahman.alshehri
2026-08-12 19:50:09 USER=abdulrahman.alshehri LAB=lab202 HOME=/home/abdulrahman.alshehri
2026-08-12 19:51:27 USER=david.salame LAB=lab202 HOME=/home/david.salame
2026-08-12 19:53:17 USER=jenny.salman LAB=lab202 HOME=/home/jenny.salman
2026-08-12 19:53:32 USER=mohammad.muneeb LAB=lab201 HOME=/home/mohammad.muneeb
2026-08-12 20:01:41 USER=abdulrahman.alshehri LAB=lab202 HOME=/home/abdulrahman.alshehri
2026-08-12 20:02:22 USER=david.salame LAB=lab202 HOME=/home/david.salame
2026-08-12 20:03:29 USER=rupinder.kaur LAB=lab204 HOME=/home/rupinder.kaur
2026-08-12 20:05:51 USER=abdulrahman.alshehri LAB=lab202 HOME=/home/abdulrahman.alshehri
2026-08-12 20:09:30 USER=abdulrahman.alshehri LAB=lab202 HOME=/home/abdulrahman.alshehri
2026-08-12 20:13:39 USER=david.salame LAB=lab202 HOME=/home/david.salame
2026-08-12 20:14:46 USER=david.salame LAB=lab202 HOME=/home/david.salame
2026-08-12 20:16:26 USER=david.salame LAB=lab202 HOME=/home/david.salame
2026-08-12 20:17:42 USER=david.salame LAB=lab202 HOME=/home/david.salame
2026-08-12 20:18:11 USER=isbah.noor LAB=lab201 HOME=/home/isbah.noor
2026-08-12 20:18:57 USER=isbah.noor LAB=lab202 HOME=/home/isbah.noor
2026-08-12 20:20:27 USER=david.salame LAB=lab202 HOME=/home/david.salame
2026-08-12 20:23:13 USER=david.salame LAB=lab202 HOME=/home/david.salame
2026-08-12 20:27:32 USER=david.salame LAB=lab202 HOME=/home/david.salame
2026-08-12 20:28:03 USER=isbah.noor LAB=lab202 HOME=/home/isbah.noor
2026-08-12 20:29:47 USER=david.salame LAB=lab202 HOME=/home/david.salame
2026-08-12 20:33:14 USER=mohammad.muneeb LAB=lab202 HOME=/home/mohammad.muneeb
2026-08-12 20:33:52 USER=david.salame LAB=lab202 HOME=/home/david.salame
2026-08-12 20:34:51 USER=david.salame LAB=lab202 HOME=/home/david.salame
2026-08-12 20:35:40 USER=david.salame LAB=lab202 HOME=/home/david.salame
2026-08-12 20:36:29 USER=ayesha.abdullah LAB=lab202 HOME=/home/ayesha.abdullah
2026-08-12 20:36:30 USER=isbah.noor LAB=lab202 HOME=/home/isbah.noor
2026-08-12 20:36:36 USER=david.salame LAB=lab202 HOME=/home/david.salame
2026-08-12 20:36:57 USER=david.salame LAB=lab202 HOME=/home/david.salame
2026-08-12 20:37:05 USER=mohammad.muneeb LAB=lab202 HOME=/home/mohammad.muneeb
2026-08-12 20:38:26 USER=david.salame LAB=lab202 HOME=/home/david.salame
2026-08-12 20:38:40 USER=mohammad.muneeb LAB=lab202 HOME=/home/mohammad.muneeb
2026-08-12 20:39:30 USER=david.salame LAB=lab204 HOME=/home/david.salame
2026-08-12 20:39:36 USER=mohammad.muneeb LAB=lab202 HOME=/home/mohammad.muneeb
2026-08-12 20:39:57 USER=david.salame LAB=lab203 HOME=/home/david.salame
2026-08-12 20:40:46 USER=isbah.noor LAB=lab202 HOME=/home/isbah.noor
2026-08-12 20:44:00 USER=isbah.noor LAB=lab202 HOME=/home/isbah.noor
2026-08-12 20:53:57 USER=ayesha.abdullah LAB=lab203 HOME=/home/ayesha.abdullah
2026-08-12 20:53:57 USER=fatima.tabusum LAB=lab204 HOME=/home/fatima.tabusum
2026-08-12 21:03:30 USER=ayesha.abdullah LAB=lab204 HOME=/home/ayesha.abdullah
2026-08-12 21:08:07 USER=saim LAB=lab206 HOME=/home/saim
2026-08-12 21:17:30 USER=mehedi.hasan LAB=lab204 HOME=/home/mehedi.hasan
2026-08-12 21:18:46 USER=jenny.salman LAB=lab202 HOME=/home/jenny.salman
2026-08-12 21:25:18 USER=jenny.salman LAB=lab202 HOME=/home/jenny.salman
2026-08-12 21:25:31 USER=jenny.salman LAB=lab202 HOME=/home/jenny.salman
2026-08-12 21:25:52 USER=jenny.salman LAB=lab202 HOME=/home/jenny.salman
2026-08-12 21:26:16 USER=jenny.salman LAB=lab202 HOME=/home/jenny.salman
2026-08-12 21:26:43 USER=jenny.salman LAB=lab202 HOME=/home/jenny.salman
2026-08-12 21:27:15 USER=jenny.salman LAB=lab202 HOME=/home/jenny.salman
2026-08-12 21:27:25 USER=abdulrahman.alshehri LAB=lab202 HOME=/home/abdulrahman.alshehri
2026-08-12 21:27:30 USER=jenny.salman LAB=lab202 HOME=/home/jenny.salman
2026-08-12 21:33:42 USER=jenny.salman LAB=lab202 HOME=/home/jenny.salman
2026-08-12 21:34:01 USER=jenny.salman LAB=lab202 HOME=/home/jenny.salman
2026-08-12 21:34:44 USER=abdulrahman.alshehri LAB=lab202 HOME=/home/abdulrahman.alshehri
2026-08-12 21:36:13 USER=isbah.noor LAB=lab202 HOME=/home/isbah.noor
2026-08-12 21:36:31 USER=isbah.noor LAB=lab202 HOME=/home/isbah.noor
2026-08-12 21:36:48 USER=isbah.noor LAB=lab202 HOME=/home/isbah.noor
2026-08-12 21:36:57 USER=jenny.salman LAB=lab202 HOME=/home/jenny.salman
2026-08-12 22:01:57 USER=isbah.noor LAB=lab201 HOME=/home/isbah.noor
2026-08-12 22:05:51 USER=isbah.noor LAB=lab201 HOME=/home/isbah.noor
2026-08-12 22:16:08 USER=raza.ali LAB=lab201 HOME=/home/raza.ali
2026-08-12 22:16:29 USER=raza.ali LAB=lab201 HOME=/home/raza.ali
2026-08-12 22:25:46 USER=raza.ali LAB=lab201 HOME=/home/raza.ali
2026-08-12 22:31:35 USER=ayesha.abdullah LAB=lab204 HOME=/home/ayesha.abdullah
2026-08-12 22:50:41 USER=hasnat.kamal LAB=lab201 HOME=/home/hasnat.kamal
2026-08-12 22:51:04 USER=hasnat.kamal LAB=lab201 HOME=/home/hasnat.kamal
2026-08-12 22:51:07 USER=ayesha.abdullah LAB=lab204 HOME=/home/ayesha.abdullah
2026-08-12 23:22:20 USER=rikza.ali LAB=lab201 HOME=/home/rikza.ali
2026-08-12 23:22:40 USER=rikza.ali LAB=lab201 HOME=/home/rikza.ali
2026-08-12 23:24:24 USER=hasnat.kamal LAB=lab201 HOME=/home/hasnat.kamal
2026-08-12 23:25:10 USER=hasnat.kamal LAB=lab202 HOME=/home/hasnat.kamal
2026-08-12 23:25:14 USER=rikza.ali LAB=lab201 HOME=/home/rikza.ali
2026-08-12 23:25:21 USER=hasnat.kamal LAB=lab203 HOME=/home/hasnat.kamal
2026-08-12 23:46:04 USER=muhammad.bilal LAB=lab203 HOME=/home/muhammad.bilal
2026-08-12 23:50:22 USER=saeed.anwar LAB=lab201 HOME=/home/saeed.anwar
2026-08-13 00:07:31 USER=saba.nawaz LAB=lab201 HOME=/home/saba.nawaz
2026-08-13 00:11:27 USER=noor.fatima LAB=lab202 HOME=/home/noor.fatima
2026-08-13 00:12:26 USER=kinza.afzal LAB=lab202 HOME=/home/kinza.afzal
2026-08-13 00:13:44 USER=noor.fatima LAB=lab202 HOME=/home/noor.fatima
2026-08-13 00:13:56 USER=kinza.afzal LAB=lab202 HOME=/home/kinza.afzal
2026-08-13 00:14:18 USER=noor.fatima LAB=lab202 HOME=/home/noor.fatima
2026-08-13 00:14:37 USER=kinza.afzal LAB=lab202 HOME=/home/kinza.afzal
2026-08-13 00:15:08 USER=noor.fatima LAB=lab202 HOME=/home/noor.fatima
2026-08-13 00:16:22 USER=muhammad.bilal LAB=lab204 HOME=/home/muhammad.bilal
2026-08-13 00:35:16 USER=lubna.nazir LAB=lab203 HOME=/home/lubna.nazir
2026-08-13 00:35:29 USER=lubna.nazir LAB=lab203 HOME=/home/lubna.nazir
2026-08-13 00:36:26 USER=kinza.afzal LAB=lab202 HOME=/home/kinza.afzal
2026-08-13 00:36:51 USER=kinza.afzal LAB=lab202 HOME=/home/kinza.afzal
2026-08-13 00:38:35 USER=noor.fatima LAB=lab202 HOME=/home/noor.fatima
2026-08-13 00:58:18 USER=rikza.ali LAB=lab202 HOME=/home/rikza.ali
2026-08-13 00:59:02 USER=rikza.ali LAB=lab202 HOME=/home/rikza.ali
2026-08-13 01:01:34 USER=raza.ali LAB=lab205 HOME=/home/raza.ali
2026-08-13 01:02:08 USER=saim LAB=lab202 HOME=/home/saim
2026-08-13 01:04:16 USER=jenny.salman LAB=lab202 HOME=/home/jenny.salman
2026-08-13 01:04:27 USER=jenny.salman LAB=lab202 HOME=/home/jenny.salman
2026-08-13 01:05:24 USER=saim LAB=lab202 HOME=/home/saim
2026-08-13 01:07:28 USER=fakhr.rabbani LAB=lab203 HOME=/home/fakhr.rabbani
2026-08-13 01:08:01 USER=saim LAB=lab202 HOME=/home/saim
2026-08-13 01:08:32 USER=jenny.salman LAB=lab202 HOME=/home/jenny.salman
2026-08-13 01:08:36 USER=fakhr.rabbani LAB=lab203 HOME=/home/fakhr.rabbani
2026-08-13 01:08:58 USER=babar.temoor LAB=lab201 HOME=/home/babar.temoor
2026-08-13 01:10:11 USER=babar.temoor LAB=lab202 HOME=/home/babar.temoor
2026-08-13 01:11:13 USER=babar.temoor LAB=lab203 HOME=/home/babar.temoor
2026-08-13 01:11:44 USER=babar.temoor LAB=lab204 HOME=/home/babar.temoor
2026-08-13 01:12:54 USER=babar.temoor LAB=lab205 HOME=/home/babar.temoor
2026-08-13 01:12:56 USER=danyal.khan LAB=lab205 HOME=/home/danyal.khan
2026-08-13 01:13:16 USER=danyal.khan LAB=lab205 HOME=/home/danyal.khan
2026-08-13 01:20:40 USER=sadia.rafiq LAB=lab203 HOME=/home/sadia.rafiq
2026-08-13 01:20:55 USER=sadia.rafiq LAB=lab203 HOME=/home/sadia.rafiq
2026-08-13 01:21:17 USER=sadia.rafiq LAB=lab203 HOME=/home/sadia.rafiq
2026-08-13 01:24:21 USER=abdulrahman.alshehri LAB=lab201 HOME=/home/abdulrahman.alshehri
2026-08-13 01:28:47 USER=arjun.singh LAB=lab204 HOME=/home/arjun.singh
2026-08-13 01:34:08 USER=waqar.zahoor LAB=lab201 HOME=/home/waqar.zahoor
2026-08-13 01:34:09 USER=muneeb.ayub LAB=lab205 HOME=/home/muneeb.ayub
2026-08-13 01:44:18 USER=muneeb.ayub LAB=lab205 HOME=/home/muneeb.ayub
2026-08-13 01:45:43 USER=saba.nawaz LAB=lab204 HOME=/home/saba.nawaz
2026-08-13 01:45:54 USER=muneeb.ayub LAB=lab205 HOME=/home/muneeb.ayub
2026-08-13 02:08:52 USER=fatima.tabusum LAB=lab203 HOME=/home/fatima.tabusum
2026-08-13 02:09:06 USER=fatima.tabusum LAB=lab203 HOME=/home/fatima.tabusum
2026-08-13 02:10:36 USER=fatima.tabusum LAB=lab203 HOME=/home/fatima.tabusum
2026-08-13 02:11:26 USER=fatima.tabusum LAB=lab203 HOME=/home/fatima.tabusum
2026-08-13 02:11:40 USER=fatima.tabusum LAB=lab204 HOME=/home/fatima.tabusum
2026-08-13 02:12:31 USER=nimat.ullah LAB=lab203 HOME=/home/nimat.ullah
2026-08-13 02:15:14 USER=auroba.ahmad LAB=lab204 HOME=/home/auroba.ahmad
2026-08-13 02:15:23 USER=waqar.zahoor LAB=lab202 HOME=/home/waqar.zahoor
2026-08-13 02:17:56 USER=kevin.on LAB=lab201 HOME=/home/kevin.on
2026-08-13 02:48:13 USER=arjun.singh LAB=lab203 HOME=/home/arjun.singh
2026-08-13 02:54:45 USER=abdullah.anjum LAB=lab201 HOME=/home/abdullah.anjum
2026-08-13 02:55:01 USER=abdullah.anjum LAB=lab201 HOME=/home/abdullah.anjum
2026-08-13 02:56:50 USER=muhammad.shoaib LAB=lab201 HOME=/home/muhammad.shoaib
2026-08-13 02:56:53 USER=khawar.abbas LAB=lab201 HOME=/home/khawar.abbas
2026-08-13 02:57:39 USER=yuliana.cuzzi LAB=lab201 HOME=/home/yuliana.cuzzi
2026-08-13 02:57:39 USER=sadia.rafiq LAB=lab203 HOME=/home/sadia.rafiq
2026-08-13 02:58:24 USER=fakhr.rabbani LAB=lab203 HOME=/home/fakhr.rabbani
2026-08-13 02:59:30 USER=sadia.rafiq LAB=lab203 HOME=/home/sadia.rafiq
2026-08-13 03:00:22 USER=david.salame LAB=lab202 HOME=/home/david.salame
2026-08-13 03:01:44 USER=abdullah.anjum LAB=lab201 HOME=/home/abdullah.anjum
2026-08-13 03:03:10 USER=david.salame LAB=lab203 HOME=/home/david.salame
2026-08-13 03:14:00 USER=saim LAB=lab203 HOME=/home/saim
2026-08-13 03:14:11 USER=abdulrahman.alshehri LAB=lab203 HOME=/home/abdulrahman.alshehri
2026-08-13 03:19:40 USER=david.salame LAB=lab203 HOME=/home/david.salame
2026-08-13 03:21:17 USER=david.salame LAB=lab204 HOME=/home/david.salame
2026-08-13 03:21:56 USER=david.salame LAB=lab205 HOME=/home/david.salame
2026-08-13 03:22:06 USER=arjun.singh LAB=lab202 HOME=/home/arjun.singh
2026-08-13 03:25:56 USER=abdullah.anjum LAB=lab202 HOME=/home/abdullah.anjum
2026-08-13 03:36:14 USER=gurmat.kaur LAB=lab202 HOME=/home/gurmat.kaur
2026-08-13 03:36:55 USER=abdulrahman.alshehri LAB=lab204 HOME=/home/abdulrahman.alshehri
2026-08-13 03:37:41 USER=saim LAB=lab203 HOME=/home/saim
2026-08-13 03:41:16 USER=saim LAB=lab202 HOME=/home/saim
2026-08-13 03:44:45 USER=abdulrahman.alshehri LAB=lab204 HOME=/home/abdulrahman.alshehri
2026-08-13 03:44:56 USER=david.salame LAB=lab204 HOME=/home/david.salame
2026-08-13 03:53:22 USER=saim LAB=lab202 HOME=/home/saim
2026-08-13 04:03:10 USER=kevin.on LAB=lab202 HOME=/home/kevin.on
2026-08-13 04:06:59 USER=abdulrahman.alshehri LAB=lab201 HOME=/home/abdulrahman.alshehri
2026-08-13 04:07:09 USER=david.salame LAB=lab205 HOME=/home/david.salame
2026-08-13 04:07:15 USER=david.salame LAB=lab201 HOME=/home/david.salame
2026-08-13 04:07:21 USER=david.salame LAB=lab202 HOME=/home/david.salame
2026-08-13 04:07:28 USER=david.salame LAB=lab203 HOME=/home/david.salame
2026-08-13 04:07:39 USER=david.salame LAB=lab204 HOME=/home/david.salame
2026-08-13 04:07:56 USER=abdulrahman.alshehri LAB=lab204 HOME=/home/abdulrahman.alshehri
2026-08-13 04:08:08 USER=abdulrahman.alshehri LAB=lab203 HOME=/home/abdulrahman.alshehri
2026-08-13 04:12:01 USER=muhammad.bilal LAB=lab205 HOME=/home/muhammad.bilal
2026-08-13 04:16:26 USER=muhammad.bilal LAB=lab203 HOME=/home/muhammad.bilal
2026-08-13 04:17:08 USER=muhammad.bilal LAB=lab204 HOME=/home/muhammad.bilal
2026-08-13 04:17:49 USER=rikza.ali LAB=lab203 HOME=/home/rikza.ali
2026-08-13 04:18:31 USER=rikza.ali LAB=lab201 HOME=/home/rikza.ali
2026-08-13 04:19:14 USER=rikza.ali LAB=lab202 HOME=/home/rikza.ali
2026-08-13 04:20:59 USER=rikza.ali LAB=lab202 HOME=/home/rikza.ali
2026-08-13 04:34:25 USER=saffi.ullah LAB=lab201 HOME=/home/saffi.ullah
2026-08-13 04:35:07 USER=saffi.ullah LAB=lab201 HOME=/home/saffi.ullah
2026-08-13 04:35:35 USER=saffi.ullah LAB=lab202 HOME=/home/saffi.ullah
2026-08-13 04:36:21 USER=saeed.anwar LAB=lab201 HOME=/home/saeed.anwar
2026-08-13 04:44:57 USER=asfiya.umair LAB=lab203 HOME=/home/asfiya.umair
2026-08-13 04:48:08 USER=asfiya.umair LAB=lab203 HOME=/home/asfiya.umair
2026-08-13 04:49:36 USER=rikza.ali LAB=lab204 HOME=/home/rikza.ali
2026-08-13 04:49:42 USER=asfiya.umair LAB=lab203 HOME=/home/asfiya.umair
2026-08-13 04:50:17 USER=asfiya.umair LAB=lab203 HOME=/home/asfiya.umair
2026-08-13 04:57:18 USER=rikza.ali LAB=lab204 HOME=/home/rikza.ali
2026-08-13 04:59:01 USER=rikza.ali LAB=lab204 HOME=/home/rikza.ali
2026-08-13 06:11:05 USER=raza.ali LAB=lab201 HOME=/home/raza.ali
2026-08-13 06:12:17 USER=raza.ali LAB=lab204 HOME=/home/raza.ali
2026-08-13 06:13:00 USER=raza.ali LAB=lab201 HOME=/home/raza.ali
2026-08-13 06:28:50 USER=raza.ali LAB=lab204 HOME=/home/raza.ali
2026-08-13 06:31:43 USER=raza.ali LAB=lab204 HOME=/home/raza.ali
2026-08-13 06:33:44 USER=raza.ali LAB=lab204 HOME=/home/raza.ali
2026-08-13 06:33:59 USER=raza.ali LAB=lab201 HOME=/home/raza.ali
2026-08-13 06:34:20 USER=raza.ali LAB=lab204 HOME=/home/raza.ali
2026-08-13 06:36:07 USER=raza.ali LAB=lab202 HOME=/home/raza.ali
2026-08-13 06:36:39 USER=raza.ali LAB=lab203 HOME=/home/raza.ali
2026-08-13 06:38:30 USER=raza.ali LAB=lab203 HOME=/home/raza.ali
2026-08-13 06:38:44 USER=raza.ali LAB=lab203 HOME=/home/raza.ali
2026-08-13 06:38:54 USER=raza.ali LAB=lab202 HOME=/home/raza.ali
2026-08-13 06:45:08 USER=ali.raza LAB=lab201 HOME=/home/ali.raza
2026-08-13 06:45:47 USER=ali.raza LAB=lab201 HOME=/home/ali.raza
2026-08-13 06:47:18 USER=ali.raza LAB=lab201 HOME=/home/ali.raza
2026-08-13 06:48:14 USER=ali.raza LAB=lab201 HOME=/home/ali.raza
2026-08-13 07:12:50 USER=ali.raza LAB=lab202 HOME=/home/ali.raza
2026-08-13 07:15:40 USER=ali.raza LAB=lab202 HOME=/home/ali.raza
2026-08-13 07:16:43 USER=ali.raza LAB=lab202 HOME=/home/ali.raza
2026-08-13 08:15:53 USER=nazmeen.faryad LAB=lab204 HOME=/home/nazmeen.faryad
2026-08-13 10:14:51 USER=nazmeen.faryad LAB=lab205 HOME=/home/nazmeen.faryad
2026-08-13 12:48:21 USER=hasnat.kamal LAB=lab201 HOME=/home/hasnat.kamal
2026-08-13 12:55:11 USER=hasnat.kamal LAB=lab101 HOME=/home/hasnat.kamal
2026-08-13 12:59:31 USER=hasnat.kamal LAB=lab202 HOME=/home/hasnat.kamal
2026-08-13 13:41:07 USER=rikza.ali LAB=lab204 HOME=/home/rikza.ali
2026-08-13 13:44:55 USER=jenny.salman LAB=lab202 HOME=/home/jenny.salman
2026-08-13 13:45:37 USER=jenny.salman LAB=lab201 HOME=/home/jenny.salman
2026-08-13 13:48:48 USER=rikza.ali LAB=lab204 HOME=/home/rikza.ali
2026-08-13 13:53:35 USER=rikza.ali LAB=lab204 HOME=/home/rikza.ali
2026-08-13 15:03:56 USER=saeed.anwar LAB=lab201 HOME=/home/saeed.anwar
2026-08-13 15:07:15 USER=saeed.anwar LAB=lab201 HOME=/home/saeed.anwar
2026-08-13 16:46:54 USER=mohammad.muneeb LAB=lab202 HOME=/home/mohammad.muneeb
2026-08-13 16:51:05 USER=mohammad.muneeb LAB=lab202 HOME=/home/mohammad.muneeb
2026-08-13 16:52:11 USER=mohammad.muneeb LAB=lab202 HOME=/home/mohammad.muneeb
2026-08-13 16:52:54 USER=mohammad.muneeb LAB=lab202 HOME=/home/mohammad.muneeb
2026-08-13 16:53:01 USER=ayesha.abdullah LAB=lab201 HOME=/home/ayesha.abdullah
2026-08-13 17:06:25 USER=ayesha.abdullah LAB=lab202 HOME=/home/ayesha.abdullah
2026-08-13 17:07:05 USER=mohammad.muneeb LAB=lab205 HOME=/home/mohammad.muneeb
2026-08-13 17:07:12 USER=mohammad.muneeb LAB=lab201 HOME=/home/mohammad.muneeb
2026-08-13 17:07:25 USER=mohammad.muneeb LAB=lab203 HOME=/home/mohammad.muneeb
2026-08-13 17:16:56 USER=muhammad.annam LAB=lab201 HOME=/home/muhammad.annam
2026-08-13 17:17:15 USER=muhammad.annam LAB=lab202 HOME=/home/muhammad.annam
2026-08-13 17:17:31 USER=muhammad.annam LAB=lab203 HOME=/home/muhammad.annam
2026-08-13 17:17:45 USER=ayesha.abdullah LAB=lab203 HOME=/home/ayesha.abdullah
2026-08-13 17:17:45 USER=muhammad.annam LAB=lab204 HOME=/home/muhammad.annam
2026-08-13 17:18:11 USER=muhammad.annam LAB=lab205 HOME=/home/muhammad.annam
2026-08-13 17:30:46 USER=ayesha.abdullah LAB=lab204 HOME=/home/ayesha.abdullah
2026-08-13 17:31:49 USER=sadia.rafiq LAB=lab204 HOME=/home/sadia.rafiq
2026-08-13 17:33:32 USER=sadia.rafiq LAB=lab203 HOME=/home/sadia.rafiq
2026-08-13 17:33:49 USER=mohammad.muneeb LAB=lab203 HOME=/home/mohammad.muneeb
2026-08-13 17:33:59 USER=mohammad.muneeb LAB=lab204 HOME=/home/mohammad.muneeb
2026-08-13 18:03:41 USER=sadia.rafiq LAB=lab204 HOME=/home/sadia.rafiq
2026-08-13 18:22:03 USER=david.salame LAB=lab205 HOME=/home/david.salame
2026-08-13 18:22:11 USER=david.salame LAB=lab201 HOME=/home/david.salame
2026-08-13 18:22:17 USER=david.salame LAB=lab202 HOME=/home/david.salame
2026-08-13 18:22:24 USER=david.salame LAB=lab203 HOME=/home/david.salame
2026-08-13 18:22:33 USER=david.salame LAB=lab204 HOME=/home/david.salame
2026-08-13 18:24:23 USER=david.salame LAB=lab205 HOME=/home/david.salame
2026-08-13 18:24:41 USER=abdulrahman.alshehri LAB=lab201 HOME=/home/abdulrahman.alshehri
2026-08-13 18:26:36 USER=abdulrahman.alshehri LAB=lab201 HOME=/home/abdulrahman.alshehri
2026-08-13 18:33:43 USER=david.salame LAB=lab205 HOME=/home/david.salame
2026-08-13 18:34:06 USER=david.salame LAB=lab205 HOME=/home/david.salame
2026-08-13 18:34:56 USER=david.salame LAB=lab205 HOME=/home/david.salame
2026-08-13 18:39:45 USER=david.salame LAB=lab205 HOME=/home/david.salame
2026-08-13 18:40:20 USER=abdulrahman.alshehri LAB=lab201 HOME=/home/abdulrahman.alshehri
2026-08-13 18:42:42 USER=david.salame LAB=lab205 HOME=/home/david.salame
2026-08-13 18:43:29 USER=abdulrahman.alshehri LAB=lab201 HOME=/home/abdulrahman.alshehri
2026-08-13 18:43:48 USER=david.salame LAB=lab205 HOME=/home/david.salame
2026-08-13 18:44:24 USER=abdulrahman.alshehri LAB=lab201 HOME=/home/abdulrahman.alshehri
2026-08-13 18:48:58 USER=abdulrahman.alshehri LAB=lab201 HOME=/home/abdulrahman.alshehri
2026-08-13 18:50:06 USER=waqar.zahoor LAB=lab202 HOME=/home/waqar.zahoor
2026-08-13 18:52:13 USER=abdulrahman.alshehri LAB=lab201 HOME=/home/abdulrahman.alshehri
2026-08-13 18:53:05 USER=waqar.zahoor LAB=lab202 HOME=/home/waqar.zahoor
2026-08-13 18:54:07 USER=david.salame LAB=lab205 HOME=/home/david.salame
2026-08-13 18:54:13 USER=waqar.zahoor LAB=lab202 HOME=/home/waqar.zahoor
2026-08-13 18:55:22 USER=david.salame LAB=lab205 HOME=/home/david.salame
2026-08-13 18:55:44 USER=waqar.zahoor LAB=lab202 HOME=/home/waqar.zahoor
2026-08-13 18:56:20 USER=david.salame LAB=lab205 HOME=/home/david.salame
2026-08-13 18:56:33 USER=waqar.zahoor LAB=lab202 HOME=/home/waqar.zahoor
2026-08-13 18:57:34 USER=saeed.anwar LAB=lab201 HOME=/home/saeed.anwar
2026-08-13 18:57:38 USER=david.salame LAB=lab205 HOME=/home/david.salame
2026-08-13 18:58:16 USER=david.salame LAB=lab205 HOME=/home/david.salame
2026-08-13 18:58:53 USER=abdulrahman.alshehri LAB=lab201 HOME=/home/abdulrahman.alshehri
2026-08-13 18:58:53 USER=david.salame LAB=lab205 HOME=/home/david.salame
2026-08-13 18:59:21 USER=fatima.tabusum LAB=lab203 HOME=/home/fatima.tabusum
2026-08-13 19:02:16 USER=fatima.tabusum LAB=lab204 HOME=/home/fatima.tabusum
2026-08-13 19:02:26 USER=saeed.anwar LAB=lab201 HOME=/home/saeed.anwar
2026-08-13 19:02:33 USER=fatima.tabusum LAB=lab201 HOME=/home/fatima.tabusum
2026-08-13 19:02:37 USER=abdulrahman.alshehri LAB=lab202 HOME=/home/abdulrahman.alshehri
2026-08-13 19:02:55 USER=abdulrahman.alshehri LAB=lab203 HOME=/home/abdulrahman.alshehri
2026-08-13 19:03:05 USER=saeed.anwar LAB=lab201 HOME=/home/saeed.anwar
2026-08-13 19:06:17 USER=saeed.anwar LAB=lab201 HOME=/home/saeed.anwar
2026-08-13 19:06:23 USER=david.salame LAB=lab201 HOME=/home/david.salame
2026-08-13 19:06:59 USER=abdulrahman.alshehri LAB=lab202 HOME=/home/abdulrahman.alshehri
2026-08-13 19:07:17 USER=abdulrahman.alshehri LAB=lab203 HOME=/home/abdulrahman.alshehri
2026-08-13 19:07:57 USER=abdulrahman.alshehri LAB=lab203 HOME=/home/abdulrahman.alshehri
2026-08-13 19:09:30 USER=abdulrahman.alshehri LAB=lab203 HOME=/home/abdulrahman.alshehri
2026-08-13 19:09:41 USER=abdulrahman.alshehri LAB=lab204 HOME=/home/abdulrahman.alshehri
2026-08-13 19:09:42 USER=saeed.anwar LAB=lab201 HOME=/home/saeed.anwar
2026-08-13 19:10:58 USER=asfiya.umair LAB=lab204 HOME=/home/asfiya.umair
2026-08-13 19:12:05 USER=saeed.anwar LAB=lab201 HOME=/home/saeed.anwar
2026-08-13 19:18:23 USER=saeed.anwar LAB=lab201 HOME=/home/saeed.anwar
2026-08-13 19:20:13 USER=saeed.anwar LAB=lab201 HOME=/home/saeed.anwar
2026-08-13 19:20:18 USER=zara.khan LAB=lab201 HOME=/home/zara.khan
2026-08-13 19:24:13 USER=david.salame LAB=lab205 HOME=/home/david.salame
2026-08-13 19:24:49 USER=muhammad.shoaib LAB=lab201 HOME=/home/muhammad.shoaib
2026-08-13 19:25:22 USER=david.salame LAB=lab205 HOME=/home/david.salame
2026-08-13 19:25:47 USER=david.salame LAB=lab205 HOME=/home/david.salame
2026-08-13 19:29:28 USER=abdulrahman.alshehri LAB=lab205 HOME=/home/abdulrahman.alshehri
2026-08-13 19:36:37 USER=raza.ali LAB=lab203 HOME=/home/raza.ali
2026-08-13 19:36:58 USER=raza.ali LAB=lab202 HOME=/home/raza.ali
2026-08-13 19:37:17 USER=david.salame LAB=lab205 HOME=/home/david.salame
2026-08-13 19:38:26 USER=david.salame LAB=lab205 HOME=/home/david.salame
2026-08-13 19:38:48 USER=david.salame LAB=lab205 HOME=/home/david.salame
2026-08-13 19:39:21 USER=david.salame LAB=lab205 HOME=/home/david.salame
2026-08-13 19:40:15 USER=david.salame LAB=lab205 HOME=/home/david.salame
2026-08-13 19:41:16 USER=david.salame LAB=lab205 HOME=/home/david.salame
2026-08-13 19:44:00 USER=david.salame LAB=lab205 HOME=/home/david.salame
2026-08-13 19:44:56 USER=david.salame LAB=lab205 HOME=/home/david.salame
2026-08-13 19:47:11 USER=raza.ali LAB=lab202 HOME=/home/raza.ali
2026-08-13 19:48:59 USER=david.salame LAB=lab205 HOME=/home/david.salame
2026-08-13 19:50:29 USER=david.salame LAB=lab205 HOME=/home/david.salame
2026-08-13 19:50:43 USER=raza.ali LAB=lab202 HOME=/home/raza.ali
2026-08-13 19:52:53 USER=raza.ali LAB=lab202 HOME=/home/raza.ali
2026-08-13 19:53:45 USER=raza.ali LAB=lab202 HOME=/home/raza.ali
2026-08-13 19:54:49 USER=david.salame LAB=lab205 HOME=/home/david.salame
2026-08-13 19:55:07 USER=david.salame LAB=lab201 HOME=/home/david.salame
2026-08-13 19:55:15 USER=raza.ali LAB=lab202 HOME=/home/raza.ali
2026-08-13 19:55:18 USER=david.salame LAB=lab202 HOME=/home/david.salame
2026-08-13 19:55:26 USER=david.salame LAB=lab203 HOME=/home/david.salame
2026-08-13 19:56:04 USER=david.salame LAB=lab203 HOME=/home/david.salame
2026-08-13 19:56:12 USER=david.salame LAB=lab204 HOME=/home/david.salame
2026-08-13 19:56:24 USER=david.salame LAB=lab201 HOME=/home/david.salame
2026-08-13 19:56:30 USER=david.salame LAB=lab203 HOME=/home/david.salame
2026-08-13 19:56:35 USER=david.salame LAB=lab204 HOME=/home/david.salame
2026-08-13 19:56:41 USER=david.salame LAB=lab205 HOME=/home/david.salame
2026-08-13 19:56:56 USER=david.salame LAB=lab202 HOME=/home/david.salame
2026-08-13 19:57:43 USER=raza.ali LAB=lab202 HOME=/home/raza.ali
2026-08-13 19:59:29 USER=raza.ali LAB=lab202 HOME=/home/raza.ali
2026-08-13 20:00:53 USER=raza.ali LAB=lab202 HOME=/home/raza.ali
2026-08-13 20:02:30 USER=raza.ali LAB=lab202 HOME=/home/raza.ali
2026-08-13 20:05:13 USER=raza.ali LAB=lab202 HOME=/home/raza.ali
2026-08-13 20:05:59 USER=raza.ali LAB=lab202 HOME=/home/raza.ali
2026-08-13 20:07:26 USER=raza.ali LAB=lab202 HOME=/home/raza.ali
2026-08-13 20:08:46 USER=raza.ali LAB=lab202 HOME=/home/raza.ali
2026-08-13 20:10:40 USER=raza.ali LAB=lab202 HOME=/home/raza.ali
2026-08-13 20:12:44 USER=david.salame LAB=lab101 HOME=/home/david.salame
2026-08-13 20:13:05 USER=david.salame LAB=lab101 HOME=/home/david.salame
2026-08-13 20:14:54 USER=raza.ali LAB=lab202 HOME=/home/raza.ali
2026-08-13 20:15:31 USER=zara.khan LAB=lab202 HOME=/home/zara.khan
2026-08-13 20:15:36 USER=raza.ali LAB=lab201 HOME=/home/raza.ali
2026-08-13 20:15:44 USER=raza.ali LAB=lab202 HOME=/home/raza.ali
2026-08-13 20:15:52 USER=raza.ali LAB=lab203 HOME=/home/raza.ali
2026-08-13 20:16:07 USER=raza.ali LAB=lab204 HOME=/home/raza.ali
2026-08-13 20:16:17 USER=raza.ali LAB=lab205 HOME=/home/raza.ali
2026-08-13 20:30:19 USER=lubna.nazir LAB=lab203 HOME=/home/lubna.nazir
2026-08-13 20:44:01 USER=saeed.anwar LAB=lab201 HOME=/home/saeed.anwar
2026-08-13 20:44:03 USER=ayesha.abdullah LAB=lab205 HOME=/home/ayesha.abdullah
2026-08-13 20:45:50 USER=muhammad.annam LAB=lab205 HOME=/home/muhammad.annam
2026-08-13 20:47:10 USER=fatima.tabusum LAB=lab205 HOME=/home/fatima.tabusum
2026-08-13 20:48:55 USER=lubna.nazir LAB=lab204 HOME=/home/lubna.nazir
2026-08-13 21:03:26 USER=kinza.afzal LAB=lab202 HOME=/home/kinza.afzal
2026-08-13 21:04:23 USER=hasnat.kamal LAB=lab204 HOME=/home/hasnat.kamal
2026-08-13 21:16:31 USER=muhammad.annam LAB=lab205 HOME=/home/muhammad.annam
2026-08-13 21:40:20 USER=muhammad.annam LAB=lab205 HOME=/home/muhammad.annam
2026-08-13 21:48:19 USER=muhammad.annam LAB=lab205 HOME=/home/muhammad.annam
2026-08-13 21:52:10 USER=kinza.afzal LAB=lab202 HOME=/home/kinza.afzal
2026-08-13 21:53:36 USER=muhammad.annam LAB=lab205 HOME=/home/muhammad.annam
2026-08-13 22:01:44 USER=muhammad.annam LAB=lab205 HOME=/home/muhammad.annam
2026-08-13 22:05:22 USER=muhammad.annam LAB=lab205 HOME=/home/muhammad.annam
2026-08-13 22:06:25 USER=muhammad.annam LAB=lab205 HOME=/home/muhammad.annam
2026-08-13 22:12:16 USER=saeed.anwar LAB=lab202 HOME=/home/saeed.anwar
2026-08-13 22:25:34 USER=ayesha.abdullah LAB=lab204 HOME=/home/ayesha.abdullah
2026-08-13 22:28:27 USER=muhammad.annam LAB=lab205 HOME=/home/muhammad.annam
2026-08-13 22:34:47 USER=saeed.anwar LAB=lab202 HOME=/home/saeed.anwar
2026-08-13 22:39:10 USER=rikza.ali LAB=lab205 HOME=/home/rikza.ali
2026-08-13 22:43:46 USER=raza.ali LAB=lab101 HOME=/home/raza.ali
2026-08-13 22:44:19 USER=saeed.anwar LAB=lab202 HOME=/home/saeed.anwar
2026-08-13 22:46:29 USER=saeed.anwar LAB=lab202 HOME=/home/saeed.anwar
2026-08-13 22:49:44 USER=fakhr.rabbani LAB=lab203 HOME=/home/fakhr.rabbani
2026-08-13 22:49:56 USER=fakhr.rabbani LAB=lab202 HOME=/home/fakhr.rabbani
2026-08-13 22:50:04 USER=fakhr.rabbani LAB=lab201 HOME=/home/fakhr.rabbani
2026-08-13 22:50:26 USER=saeed.anwar LAB=lab202 HOME=/home/saeed.anwar
2026-08-13 22:51:15 USER=saeed.anwar LAB=lab202 HOME=/home/saeed.anwar
2026-08-13 22:58:14 USER=saeed.anwar LAB=lab202 HOME=/home/saeed.anwar
2026-08-13 23:15:12 USER=fakhr.rabbani LAB=lab204 HOME=/home/fakhr.rabbani
2026-08-13 23:16:18 USER=raza.ali LAB=lab205 HOME=/home/raza.ali
2026-08-13 23:17:21 USER=raza.ali LAB=lab205 HOME=/home/raza.ali
2026-08-13 23:18:24 USER=raza.ali LAB=lab205 HOME=/home/raza.ali
2026-08-13 23:24:33 USER=raza.ali LAB=lab205 HOME=/home/raza.ali
2026-08-13 23:24:43 USER=zara.khan LAB=lab203 HOME=/home/zara.khan
2026-08-13 23:27:21 USER=raza.ali LAB=lab205 HOME=/home/raza.ali
2026-08-13 23:29:25 USER=raza.ali LAB=lab205 HOME=/home/raza.ali
2026-08-13 23:31:28 USER=syed.ali LAB=lab203 HOME=/home/syed.ali
2026-08-13 23:32:34 USER=noor.fatima LAB=lab202 HOME=/home/noor.fatima
2026-08-13 23:35:45 USER=fakhr.rabbani LAB=lab204 HOME=/home/fakhr.rabbani
2026-08-13 23:36:34 USER=syed.ali LAB=lab203 HOME=/home/syed.ali
2026-08-13 23:37:29 USER=syed.ali LAB=lab203 HOME=/home/syed.ali
2026-08-13 23:37:45 USER=asfiya.umair LAB=lab205 HOME=/home/asfiya.umair
2026-08-13 23:43:06 USER=raza.ali LAB=lab205 HOME=/home/raza.ali
2026-08-13 23:45:03 USER=raza.ali LAB=lab205 HOME=/home/raza.ali
2026-08-13 23:45:16 USER=raza.ali LAB=lab205 HOME=/home/raza.ali
2026-08-13 23:53:18 USER=saeed.anwar LAB=lab202 HOME=/home/saeed.anwar
2026-08-13 23:54:11 USER=saeed.anwar LAB=lab202 HOME=/home/saeed.anwar
2026-08-13 23:57:26 USER=saeed.anwar LAB=lab202 HOME=/home/saeed.anwar
2026-08-13 23:59:17 USER=saeed.anwar LAB=lab202 HOME=/home/saeed.anwar
2026-08-14 00:04:01 USER=fakhr.rabbani LAB=lab205 HOME=/home/fakhr.rabbani
2026-08-14 00:05:47 USER=saeed.anwar LAB=lab202 HOME=/home/saeed.anwar
2026-08-14 00:07:19 USER=fakhr.rabbani LAB=lab205 HOME=/home/fakhr.rabbani
2026-08-14 00:08:39 USER=fakhr.rabbani LAB=lab205 HOME=/home/fakhr.rabbani
2026-08-14 00:08:43 USER=saeed.anwar LAB=lab202 HOME=/home/saeed.anwar
2026-08-14 00:14:31 USER=fatima.tabusum LAB=lab205 HOME=/home/fatima.tabusum
2026-08-14 00:15:22 USER=noor.fatima LAB=lab203 HOME=/home/noor.fatima
2026-08-14 00:18:12 USER=lubna.nazir LAB=lab205 HOME=/home/lubna.nazir
2026-08-14 00:18:46 USER=saeed.anwar LAB=lab202 HOME=/home/saeed.anwar
2026-08-14 00:20:08 USER=lubna.nazir LAB=lab205 HOME=/home/lubna.nazir
2026-08-14 00:21:34 USER=lubna.nazir LAB=lab205 HOME=/home/lubna.nazir
2026-08-14 00:21:42 USER=kinza.afzal LAB=lab203 HOME=/home/kinza.afzal
2026-08-14 00:23:47 USER=saeed.anwar LAB=lab202 HOME=/home/saeed.anwar
2026-08-14 00:24:23 USER=kinza.afzal LAB=lab203 HOME=/home/kinza.afzal
2026-08-14 00:26:41 USER=raza.ali LAB=lab204 HOME=/home/raza.ali
2026-08-14 00:35:11 USER=zara.khan LAB=lab204 HOME=/home/zara.khan
2026-08-14 00:46:35 USER=arjun.singh LAB=lab205 HOME=/home/arjun.singh
2026-08-14 00:47:01 USER=arjun.singh LAB=lab204 HOME=/home/arjun.singh
2026-08-14 00:51:45 USER=syed.ali LAB=lab204 HOME=/home/syed.ali
2026-08-14 00:53:33 USER=arjun.singh LAB=lab204 HOME=/home/arjun.singh
2026-08-14 00:53:48 USER=babar.temoor LAB=lab201 HOME=/home/babar.temoor
2026-08-14 00:57:42 USER=arjun.singh LAB=lab204 HOME=/home/arjun.singh
2026-08-14 00:59:43 USER=arjun.singh LAB=lab205 HOME=/home/arjun.singh
2026-08-14 01:01:42 USER=danyal.khan LAB=lab205 HOME=/home/danyal.khan
2026-08-14 01:02:48 USER=ali.qaisar LAB=lab204 HOME=/home/ali.qaisar
2026-08-14 01:04:02 USER=david.salame LAB=lab205 HOME=/home/david.salame
2026-08-14 01:05:06 USER=muhammad.annam LAB=lab204 HOME=/home/muhammad.annam
2026-08-14 01:05:31 USER=muhammad.annam LAB=lab201 HOME=/home/muhammad.annam
2026-08-14 01:05:34 USER=arjun.singh LAB=lab203 HOME=/home/arjun.singh
2026-08-14 01:06:04 USER=aqsa.mian LAB=lab205 HOME=/home/aqsa.mian
2026-08-14 01:06:12 USER=arjun.singh LAB=lab202 HOME=/home/arjun.singh
2026-08-14 01:06:21 USER=ali.qaisar LAB=lab204 HOME=/home/ali.qaisar
2026-08-14 01:09:55 USER=abdullah.anjum LAB=lab201 HOME=/home/abdullah.anjum
2026-08-14 01:10:03 USER=abdullah.anjum LAB=lab202 HOME=/home/abdullah.anjum
2026-08-14 01:10:13 USER=abdullah.anjum LAB=lab203 HOME=/home/abdullah.anjum
2026-08-14 01:11:01 USER=muhammad.annam LAB=lab201 HOME=/home/muhammad.annam
2026-08-14 01:11:59 USER=david.salame LAB=lab206 HOME=/home/david.salame
2026-08-14 01:12:20 USER=anum.nasim LAB=lab201 HOME=/home/anum.nasim
2026-08-14 01:20:10 USER=waqar.zahoor LAB=lab204 HOME=/home/waqar.zahoor
2026-08-14 01:22:29 USER=muhammad.annam LAB=lab201 HOME=/home/muhammad.annam
2026-08-14 01:23:21 USER=isbah.noor LAB=lab203 HOME=/home/isbah.noor
2026-08-14 01:23:59 USER=muhammad.annam LAB=lab201 HOME=/home/muhammad.annam
2026-08-14 01:24:55 USER=muhammad.annam LAB=lab201 HOME=/home/muhammad.annam
2026-08-14 01:26:17 USER=isbah.noor LAB=lab203 HOME=/home/isbah.noor
2026-08-14 01:26:48 USER=isbah.noor LAB=lab201 HOME=/home/isbah.noor
2026-08-14 01:27:44 USER=abdullah.anjum LAB=lab203 HOME=/home/abdullah.anjum
2026-08-14 01:29:10 USER=janit.rashid LAB=lab204 HOME=/home/janit.rashid
2026-08-14 01:29:10 USER=janit.rashid LAB=lab204 HOME=/home/janit.rashid
2026-08-14 01:29:10 USER=janit.rashid LAB=lab204 HOME=/home/janit.rashid
2026-08-14 01:29:12 USER=janit.rashid LAB=lab204 HOME=/home/janit.rashid
2026-08-14 01:29:13 USER=janit.rashid LAB=lab204 HOME=/home/janit.rashid
2026-08-14 01:29:13 USER=janit.rashid LAB=lab204 HOME=/home/janit.rashid
2026-08-14 01:32:34 USER=ali.qaisar LAB=lab205 HOME=/home/ali.qaisar
2026-08-14 01:33:29 USER=isbah.noor LAB=lab201 HOME=/home/isbah.noor
2026-08-14 01:35:08 USER=isbah.noor LAB=lab202 HOME=/home/isbah.noor
2026-08-14 01:35:41 USER=isbah.noor LAB=lab203 HOME=/home/isbah.noor
2026-08-14 01:35:58 USER=isbah.noor LAB=lab204 HOME=/home/isbah.noor
2026-08-14 01:36:32 USER=isbah.noor LAB=lab205 HOME=/home/isbah.noor
2026-08-14 01:39:10 USER=abdullah.anjum LAB=lab204 HOME=/home/abdullah.anjum
2026-08-14 01:39:34 USER=abdullah.anjum LAB=lab205 HOME=/home/abdullah.anjum
2026-08-14 01:41:10 USER=ali.qaisar LAB=lab205 HOME=/home/ali.qaisar
2026-08-14 01:42:47 USER=muhammad.annam LAB=lab201 HOME=/home/muhammad.annam
2026-08-14 01:43:51 USER=danyal.khan LAB=lab205 HOME=/home/danyal.khan
2026-08-14 01:46:16 USER=muhammad.annam LAB=lab201 HOME=/home/muhammad.annam
2026-08-14 01:51:29 USER=muhammad.annam LAB=lab201 HOME=/home/muhammad.annam
2026-08-14 01:51:44 USER=ali.qaisar LAB=lab205 HOME=/home/ali.qaisar
2026-08-14 01:57:06 USER=muhammad.annam LAB=lab201 HOME=/home/muhammad.annam
2026-08-14 01:58:03 USER=david.salame LAB=lab206 HOME=/home/david.salame
2026-08-14 01:58:12 USER=jenny.salman LAB=lab203 HOME=/home/jenny.salman
2026-08-14 02:00:57 USER=david.salame LAB=lab206 HOME=/home/david.salame
2026-08-14 02:01:34 USER=abdullah.anjum LAB=lab205 HOME=/home/abdullah.anjum
2026-08-14 02:03:36 USER=abdullah.anjum LAB=lab205 HOME=/home/abdullah.anjum
2026-08-14 02:07:50 USER=abdullah.anjum LAB=lab205 HOME=/home/abdullah.anjum
2026-08-14 02:10:31 USER=abdullah.anjum LAB=lab205 HOME=/home/abdullah.anjum
2026-08-14 02:11:43 USER=abdullah.anjum LAB=lab204 HOME=/home/abdullah.anjum
2026-08-14 02:11:53 USER=david.salame LAB=lab206 HOME=/home/david.salame
2026-08-14 02:12:30 USER=abdullah.anjum LAB=lab205 HOME=/home/abdullah.anjum
2026-08-14 02:13:18 USER=david.salame LAB=lab206 HOME=/home/david.salame
2026-08-14 02:13:31 USER=abdullah.anjum LAB=lab206 HOME=/home/abdullah.anjum
2026-08-14 02:15:01 USER=david.salame LAB=lab206 HOME=/home/david.salame
2026-08-14 02:17:23 USER=david.salame LAB=lab206 HOME=/home/david.salame
2026-08-14 02:18:28 USER=muhammad.annam LAB=lab206 HOME=/home/muhammad.annam
2026-08-14 02:19:26 USER=waqar.zahoor LAB=lab206 HOME=/home/waqar.zahoor
2026-08-14 02:20:09 USER=david.salame LAB=lab206 HOME=/home/david.salame
2026-08-14 02:21:25 USER=david.salame LAB=lab206 HOME=/home/david.salame
2026-08-14 02:23:19 USER=david.salame LAB=lab206 HOME=/home/david.salame
2026-08-14 02:25:01 USER=noor.fatima LAB=lab206 HOME=/home/noor.fatima
2026-08-14 02:27:13 USER=abdulrahman.alshehri LAB=lab206 HOME=/home/abdulrahman.alshehri
2026-08-14 02:27:58 USER=david.salame LAB=lab206 HOME=/home/david.salame
2026-08-14 02:28:11 USER=david.salame LAB=lab206 HOME=/home/david.salame
2026-08-14 02:29:28 USER=david.salame LAB=lab206 HOME=/home/david.salame
2026-08-14 02:29:48 USER=david.salame LAB=lab206 HOME=/home/david.salame
2026-08-14 02:30:52 USER=david.salame LAB=lab206 HOME=/home/david.salame
2026-08-14 02:31:36 USER=noor.fatima LAB=lab206 HOME=/home/noor.fatima
2026-08-14 02:32:35 USER=mohammad.muneeb LAB=lab206 HOME=/home/mohammad.muneeb
2026-08-14 02:33:00 USER=abdulrahman.alshehri LAB=lab206 HOME=/home/abdulrahman.alshehri
2026-08-14 02:34:34 USER=david.salame LAB=lab206 HOME=/home/david.salame
2026-08-14 02:34:49 USER=mohammad.muneeb LAB=lab206 HOME=/home/mohammad.muneeb
2026-08-14 02:35:00 USER=david.salame LAB=lab206 HOME=/home/david.salame
2026-08-14 02:37:46 USER=abdulrahman.alshehri LAB=lab206 HOME=/home/abdulrahman.alshehri
2026-08-14 02:38:59 USER=mohammad.muneeb LAB=lab206 HOME=/home/mohammad.muneeb
2026-08-14 02:40:47 USER=mohammad.muneeb LAB=lab206 HOME=/home/mohammad.muneeb
2026-08-14 02:43:50 USER=mohammad.muneeb LAB=lab206 HOME=/home/mohammad.muneeb
2026-08-14 02:44:07 USER=abdulrahman.alshehri LAB=lab206 HOME=/home/abdulrahman.alshehri
2026-08-14 02:45:06 USER=abdulrahman.alshehri LAB=lab206 HOME=/home/abdulrahman.alshehri
2026-08-14 02:46:50 USER=david.salame LAB=lab206 HOME=/home/david.salame
2026-08-14 02:47:07 USER=abdulrahman.alshehri LAB=lab206 HOME=/home/abdulrahman.alshehri
2026-08-14 02:50:17 USER=fakhr.rabbani LAB=lab206 HOME=/home/fakhr.rabbani
2026-08-14 02:50:35 USER=mohammad.muneeb LAB=lab206 HOME=/home/mohammad.muneeb
2026-08-14 02:50:55 USER=david.salame LAB=lab206 HOME=/home/david.salame
2026-08-14 02:56:48 USER=abdulrahman.alshehri LAB=lab206 HOME=/home/abdulrahman.alshehri
2026-08-14 02:57:03 USER=rupinder.kaur LAB=lab206 HOME=/home/rupinder.kaur
2026-08-14 03:01:44 USER=gurmat.kaur LAB=lab203 HOME=/home/gurmat.kaur
2026-08-14 03:07:59 USER=mohammad.muneeb LAB=lab206 HOME=/home/mohammad.muneeb
2026-08-14 03:09:19 USER=arjun.singh LAB=lab206 HOME=/home/arjun.singh
2026-08-14 03:13:02 USER=arjun.singh LAB=lab206 HOME=/home/arjun.singh
2026-08-14 03:14:56 USER=sana.abbasi LAB=lab206 HOME=/home/sana.abbasi
2026-08-14 03:15:32 USER=zunaira.akhtar LAB=lab205 HOME=/home/zunaira.akhtar
2026-08-14 03:16:18 USER=talha.zubair LAB=lab206 HOME=/home/talha.zubair
2026-08-14 03:16:44 USER=awais.ahmed LAB=lab206 HOME=/home/awais.ahmed
2026-08-14 03:16:48 USER=saeed.anwar LAB=lab202 HOME=/home/saeed.anwar
2026-08-14 03:16:50 USER=talha.zubair LAB=lab206 HOME=/home/talha.zubair
2026-08-14 03:17:09 USER=adil.zafar LAB=lab206 HOME=/home/adil.zafar
2026-08-14 03:17:10 USER=zunaira.akhtar LAB=lab206 HOME=/home/zunaira.akhtar
2026-08-14 03:17:19 USER=lubna.nazir LAB=lab206 HOME=/home/lubna.nazir
2026-08-14 03:17:26 USER=awais.ahmed LAB=lab201 HOME=/home/awais.ahmed
2026-08-14 03:17:28 USER=ali.qaisar LAB=lab206 HOME=/home/ali.qaisar
2026-08-14 03:17:29 USER=aqsa.mian LAB=lab206 HOME=/home/aqsa.mian
2026-08-14 03:17:33 USER=isbah.noor LAB=lab206 HOME=/home/isbah.noor
2026-08-14 03:17:58 USER=syedali6908 LAB=lab206 HOME=/home/syedali6908
2026-08-14 03:18:01 USER=sadia.rafiq LAB=lab206 HOME=/home/sadia.rafiq
2026-08-14 03:18:15 USER=muhammad.bilal LAB=lab206 HOME=/home/muhammad.bilal
2026-08-14 03:18:20 USER=talha.zubair LAB=lab206 HOME=/home/talha.zubair
2026-08-14 03:18:23 USER=sana.abbasi LAB=lab206 HOME=/home/sana.abbasi
2026-08-14 03:18:30 USER=sadia.rafiq LAB=lab206 HOME=/home/sadia.rafiq
2026-08-14 03:18:40 USER=saim LAB=lab206 HOME=/home/saim
2026-08-14 03:19:38 USER=hamza.bashir LAB=lab206 HOME=/home/hamza.bashir
2026-08-14 03:19:47 USER=saba.nawaz LAB=lab206 HOME=/home/saba.nawaz
2026-08-14 03:19:53 USER=sadia.rafiq LAB=lab206 HOME=/home/sadia.rafiq
2026-08-14 03:20:23 USER=syed.abdullah LAB=lab206 HOME=/home/syed.abdullah
2026-08-14 03:20:33 USER=muhammad.khan LAB=lab206 HOME=/home/muhammad.khan
2026-08-14 03:20:41 USER=adil.zafar LAB=lab206 HOME=/home/adil.zafar
2026-08-14 03:20:50 USER=sajjad.shafiq LAB=lab206 HOME=/home/sajjad.shafiq
2026-08-14 03:21:03 USER=anum.nasim LAB=lab206 HOME=/home/anum.nasim
2026-08-14 03:21:07 USER=isbah.noor LAB=lab206 HOME=/home/isbah.noor
2026-08-14 03:21:31 USER=sadia.rafiq LAB=lab206 HOME=/home/sadia.rafiq
2026-08-14 03:21:59 USER=kamaljeet.kaur LAB=lab206 HOME=/home/kamaljeet.kaur
2026-08-14 03:22:22 USER=erum.malik LAB=lab206 HOME=/home/erum.malik
2026-08-14 03:22:37 USER=roha.iqbal LAB=lab206 HOME=/home/roha.iqbal
2026-08-14 03:22:47 USER=arjun.singh LAB=lab205 HOME=/home/arjun.singh
2026-08-14 03:22:54 USER=adil.zafar LAB=lab206 HOME=/home/adil.zafar
2026-08-14 03:23:35 USER=sadia.rafiq LAB=lab206 HOME=/home/sadia.rafiq
2026-08-14 03:23:52 USER=kamaljeet.kaur LAB=lab206 HOME=/home/kamaljeet.kaur
2026-08-14 03:25:32 USER=adil.zafar LAB=lab206 HOME=/home/adil.zafar
2026-08-14 03:25:38 USER=sadia.rafiq LAB=lab206 HOME=/home/sadia.rafiq
2026-08-14 03:25:52 USER=sajjad.shafiq LAB=lab206 HOME=/home/sajjad.shafiq
2026-08-14 03:27:14 USER=jenny.salman LAB=lab206 HOME=/home/jenny.salman
2026-08-14 03:28:20 USER=babar.temoor LAB=lab206 HOME=/home/babar.temoor
2026-08-14 03:28:28 USER=kashif.zaman LAB=lab206 HOME=/home/kashif.zaman
2026-08-14 03:29:58 USER=janit.rashid LAB=lab206 HOME=/home/janit.rashid
2026-08-14 03:31:34 USER=arjun.singh LAB=lab205 HOME=/home/arjun.singh
2026-08-14 03:32:06 USER=arjun.singh LAB=lab204 HOME=/home/arjun.singh
2026-08-14 03:33:29 USER=hamza.bashir LAB=lab206 HOME=/home/hamza.bashir
2026-08-14 03:33:49 USER=sajjad.shafiq LAB=lab206 HOME=/home/sajjad.shafiq
2026-08-14 03:34:13 USER=sajjad.shafiq LAB=lab206 HOME=/home/sajjad.shafiq
2026-08-14 03:37:11 USER=arjun.singh LAB=lab204 HOME=/home/arjun.singh
2026-08-14 03:37:37 USER=arjun.singh LAB=lab204 HOME=/home/arjun.singh
2026-08-14 03:39:27 USER=sajjad.shafiq LAB=lab206 HOME=/home/sajjad.shafiq
2026-08-14 03:40:00 USER=arjun.singh LAB=lab204 HOME=/home/arjun.singh
2026-08-14 03:40:10 USER=arjun.singh LAB=lab203 HOME=/home/arjun.singh
2026-08-14 03:42:37 USER=arjun.singh LAB=lab203 HOME=/home/arjun.singh
2026-08-14 03:45:53 USER=harinderpreet.kaur LAB=lab206 HOME=/home/harinderpreet.kaur
2026-08-14 03:46:55 USER=shafaq.zehra LAB=lab206 HOME=/home/shafaq.zehra
2026-08-14 03:48:39 USER=khawar.abbas LAB=lab206 HOME=/home/khawar.abbas
2026-08-14 03:48:41 USER=harinderpreet.kaur LAB=lab206 HOME=/home/harinderpreet.kaur
2026-08-14 03:52:37 USER=arjun.singh LAB=lab203 HOME=/home/arjun.singh
2026-08-14 04:01:31 USER=saeed.anwar LAB=lab202 HOME=/home/saeed.anwar
2026-08-14 04:04:20 USER=saeed.anwar LAB=lab202 HOME=/home/saeed.anwar
2026-08-14 04:05:29 USER=saeed.anwar LAB=lab202 HOME=/home/saeed.anwar
2026-08-14 04:07:53 USER=saeed.anwar LAB=lab202 HOME=/home/saeed.anwar
2026-08-14 04:19:24 USER=khawar.abbas LAB=lab201 HOME=/home/khawar.abbas
2026-08-14 04:23:58 USER=khawar.abbas LAB=lab206 HOME=/home/khawar.abbas
2026-08-14 04:24:47 USER=khawar.abbas LAB=lab206 HOME=/home/khawar.abbas
2026-08-14 04:42:22 USER=muhammad.annam LAB=lab206 HOME=/home/muhammad.annam
2026-08-14 04:42:37 USER=muhammad.annam LAB=lab201 HOME=/home/muhammad.annam
2026-08-14 04:46:50 USER=saba.nawaz LAB=lab206 HOME=/home/saba.nawaz
2026-08-14 04:49:23 USER=muhammad.annam LAB=lab201 HOME=/home/muhammad.annam
2026-08-14 04:52:31 USER=muhammad.annam LAB=lab201 HOME=/home/muhammad.annam
2026-08-14 04:54:42 USER=raza.ali LAB=lab206 HOME=/home/raza.ali
2026-08-14 04:59:56 USER=raza.ali LAB=lab206 HOME=/home/raza.ali
2026-08-14 05:01:26 USER=muhammad.annam LAB=lab201 HOME=/home/muhammad.annam
2026-08-14 05:05:17 USER=raza.ali LAB=lab206 HOME=/home/raza.ali
2026-08-14 05:06:38 USER=raza.ali LAB=lab206 HOME=/home/raza.ali
2026-08-14 05:06:52 USER=muhammad.annam LAB=lab201 HOME=/home/muhammad.annam
2026-08-14 05:07:57 USER=muhammad.annam LAB=lab201 HOME=/home/muhammad.annam
2026-08-14 05:09:58 USER=raza.ali LAB=lab206 HOME=/home/raza.ali
2026-08-14 05:11:32 USER=muhammad.annam LAB=lab201 HOME=/home/muhammad.annam
2026-08-14 05:11:42 USER=raza.ali LAB=lab206 HOME=/home/raza.ali
2026-08-14 05:12:20 USER=ali.raza LAB=lab203 HOME=/home/ali.raza
2026-08-14 05:14:04 USER=muhammad.annam LAB=lab201 HOME=/home/muhammad.annam
2026-08-14 05:14:42 USER=muhammad.annam LAB=lab201 HOME=/home/muhammad.annam
2026-08-14 05:15:00 USER=raza.ali LAB=lab206 HOME=/home/raza.ali
2026-08-14 05:19:32 USER=raza.ali LAB=lab206 HOME=/home/raza.ali
2026-08-14 05:20:36 USER=muhammad.annam LAB=lab201 HOME=/home/muhammad.annam
2026-08-14 05:20:47 USER=raza.ali LAB=lab206 HOME=/home/raza.ali
2026-08-14 05:24:43 USER=muhammad.annam LAB=lab201 HOME=/home/muhammad.annam
2026-08-14 05:27:08 USER=saba.nawaz LAB=lab205 HOME=/home/saba.nawaz
2026-08-14 05:29:39 USER=muhammad.annam LAB=lab201 HOME=/home/muhammad.annam
2026-08-14 05:29:55 USER=muhammad.annam LAB=lab202 HOME=/home/muhammad.annam
2026-08-14 05:32:23 USER=shafaq.zehra LAB=lab206 HOME=/home/shafaq.zehra
2026-08-14 05:35:17 USER=muhammad.annam LAB=lab202 HOME=/home/muhammad.annam
2026-08-14 05:36:01 USER=muhammad.annam LAB=lab202 HOME=/home/muhammad.annam
2026-08-14 05:39:30 USER=muhammad.annam LAB=lab202 HOME=/home/muhammad.annam
2026-08-14 05:40:07 USER=ali.raza LAB=lab204 HOME=/home/ali.raza
2026-08-14 05:42:26 USER=saba.nawaz LAB=lab204 HOME=/home/saba.nawaz
2026-08-14 05:44:36 USER=muhammad.annam LAB=lab202 HOME=/home/muhammad.annam
2026-08-14 05:46:14 USER=muhammad.annam LAB=lab202 HOME=/home/muhammad.annam
2026-08-14 05:49:32 USER=muhammad.annam LAB=lab202 HOME=/home/muhammad.annam
2026-08-14 05:50:08 USER=muhammad.annam LAB=lab203 HOME=/home/muhammad.annam
2026-08-14 05:54:21 USER=muhammad.annam LAB=lab203 HOME=/home/muhammad.annam
2026-08-14 05:55:15 USER=muhammad.annam LAB=lab203 HOME=/home/muhammad.annam
2026-08-14 06:00:00 USER=muhammad.annam LAB=lab203 HOME=/home/muhammad.annam
2026-08-14 06:00:37 USER=muhammad.annam LAB=lab203 HOME=/home/muhammad.annam
2026-08-14 06:01:51 USER=muhammad.annam LAB=lab203 HOME=/home/muhammad.annam
2026-08-14 06:02:35 USER=muhammad.annam LAB=lab203 HOME=/home/muhammad.annam
2026-08-14 06:05:22 USER=muhammad.annam LAB=lab203 HOME=/home/muhammad.annam
2026-08-14 06:06:23 USER=muhammad.annam LAB=lab203 HOME=/home/muhammad.annam
2026-08-14 06:08:24 USER=muhammad.annam LAB=lab203 HOME=/home/muhammad.annam
2026-08-14 06:08:49 USER=saba.nawaz LAB=lab203 HOME=/home/saba.nawaz
2026-08-14 06:14:12 USER=muhammad.annam LAB=lab203 HOME=/home/muhammad.annam
2026-08-14 06:14:25 USER=muhammad.annam LAB=lab204 HOME=/home/muhammad.annam
2026-08-14 06:14:33 USER=muhammad.annam LAB=lab205 HOME=/home/muhammad.annam
2026-08-14 06:14:42 USER=muhammad.annam LAB=lab206 HOME=/home/muhammad.annam
2026-08-14 06:14:51 USER=muhammad.annam LAB=lab201 HOME=/home/muhammad.annam
2026-08-14 06:14:58 USER=muhammad.annam LAB=lab202 HOME=/home/muhammad.annam
2026-08-14 06:15:07 USER=muhammad.annam LAB=lab203 HOME=/home/muhammad.annam
2026-08-14 06:15:18 USER=muhammad.annam LAB=lab204 HOME=/home/muhammad.annam
2026-08-14 06:15:56 USER=muhammad.annam LAB=lab101 HOME=/home/muhammad.annam
2026-08-14 06:16:23 USER=muhammad.annam LAB=lab105 HOME=/home/muhammad.annam
2026-08-14 06:16:35 USER=muhammad.annam LAB=lab201 HOME=/home/muhammad.annam
2026-08-14 06:16:43 USER=muhammad.annam LAB=lab202 HOME=/home/muhammad.annam
2026-08-14 06:16:52 USER=muhammad.annam LAB=lab203 HOME=/home/muhammad.annam
2026-08-14 06:17:00 USER=muhammad.annam LAB=lab204 HOME=/home/muhammad.annam
2026-08-14 06:17:08 USER=muhammad.annam LAB=lab205 HOME=/home/muhammad.annam
2026-08-14 06:17:16 USER=muhammad.annam LAB=lab206 HOME=/home/muhammad.annam
2026-08-14 06:23:26 USER=zunaira.akhtar LAB=lab201 HOME=/home/zunaira.akhtar
2026-08-14 06:26:49 USER=muhammad.annam LAB=lab201 HOME=/home/muhammad.annam
2026-08-14 06:27:04 USER=ali.raza LAB=lab205 HOME=/home/ali.raza
2026-08-14 06:47:46 USER=raza.ali LAB=lab201 HOME=/home/raza.ali
2026-08-14 07:05:29 USER=shafaq.zehra LAB=lab206 HOME=/home/shafaq.zehra
2026-08-14 07:05:57 USER=shafaq.zehra LAB=lab206 HOME=/home/shafaq.zehra
2026-08-14 07:06:56 USER=shafaq.zehra LAB=lab206 HOME=/home/shafaq.zehra
2026-08-14 08:57:39 USER=adeel.khan LAB=lab201 HOME=/home/adeel.khan
2026-08-14 09:10:55 USER=adeel.khan LAB=lab201 HOME=/home/adeel.khan
2026-08-14 09:15:02 USER=adeel.khan LAB=lab201 HOME=/home/adeel.khan
2026-08-14 10:23:53 USER=hajra.iftikhar LAB=lab206 HOME=/home/hajra.iftikhar
2026-08-14 10:27:59 USER=hajra.iftikhar LAB=lab206 HOME=/home/hajra.iftikhar
2026-08-14 10:30:20 USER=salman.duggal LAB=lab201 HOME=/home/salman.duggal
2026-08-14 10:30:58 USER=salman.duggal LAB=lab203 HOME=/home/salman.duggal
2026-08-14 11:18:51 USER=awais.sattar LAB=lab201 HOME=/home/awais.sattar
2026-08-14 11:27:39 USER=hajra.iftikhar LAB=lab206 HOME=/home/hajra.iftikhar
2026-08-14 11:27:55 USER=hajra.iftikhar LAB=lab101 HOME=/home/hajra.iftikhar
2026-08-14 11:28:06 USER=hajra.iftikhar LAB=lab203 HOME=/home/hajra.iftikhar
2026-08-14 11:40:50 USER=ayesha.aslam LAB=lab206 HOME=/home/ayesha.aslam
2026-08-14 11:51:20 USER=ayesha.aslam LAB=lab206 HOME=/home/ayesha.aslam
2026-08-14 11:51:40 USER=ayesha.aslam LAB=lab206 HOME=/home/ayesha.aslam
2026-08-14 11:58:16 USER=ayesha.aslam LAB=lab206 HOME=/home/ayesha.aslam
2026-08-14 12:02:04 USER=sameer.awais LAB=lab205 HOME=/home/sameer.awais
2026-08-14 12:07:16 USER=sameer.awais LAB=lab205 HOME=/home/sameer.awais
2026-08-14 12:10:09 USER=sameer.awais LAB=lab205 HOME=/home/sameer.awais
2026-08-14 12:14:14 USER=ayesha.aslam LAB=lab206 HOME=/home/ayesha.aslam
2026-08-14 12:18:38 USER=sameer.awais LAB=lab205 HOME=/home/sameer.awais
2026-08-14 12:21:39 USER=sameer.awais LAB=lab205 HOME=/home/sameer.awais
2026-08-14 12:25:37 USER=sameer.awais LAB=lab205 HOME=/home/sameer.awais
2026-08-14 12:31:37 USER=sameer.awais LAB=lab205 HOME=/home/sameer.awais
2026-08-14 12:31:48 USER=sameer.awais LAB=lab205 HOME=/home/sameer.awais
2026-08-14 12:57:52 USER=sadia.rafiq LAB=lab205 HOME=/home/sadia.rafiq
2026-08-14 12:59:17 USER=sadia.rafiq LAB=lab206 HOME=/home/sadia.rafiq
2026-08-14 13:03:47 USER=sadia.rafiq LAB=lab206 HOME=/home/sadia.rafiq
2026-08-14 13:10:42 USER=hasnat.kamal LAB=lab201 HOME=/home/hasnat.kamal
2026-08-14 13:10:55 USER=hasnat.kamal LAB=lab202 HOME=/home/hasnat.kamal
2026-08-14 13:11:05 USER=hasnat.kamal LAB=lab203 HOME=/home/hasnat.kamal
2026-08-14 13:11:32 USER=hasnat.kamal LAB=lab204 HOME=/home/hasnat.kamal
2026-08-14 13:11:44 USER=hasnat.kamal LAB=lab205 HOME=/home/hasnat.kamal
2026-08-14 13:13:38 USER=hasnat.kamal LAB=lab105 HOME=/home/hasnat.kamal
2026-08-14 13:14:03 USER=sadia.rafiq LAB=lab206 HOME=/home/sadia.rafiq
2026-08-14 13:54:16 USER=babar.temoor LAB=lab205 HOME=/home/babar.temoor
2026-08-14 13:55:50 USER=babar.temoor LAB=lab204 HOME=/home/babar.temoor
2026-08-14 13:58:11 USER=sadia.rafiq LAB=lab201 HOME=/home/sadia.rafiq
2026-08-14 13:59:41 USER=sadia.rafiq LAB=lab201 HOME=/home/sadia.rafiq
2026-08-14 14:00:29 USER=sadia.rafiq LAB=lab201 HOME=/home/sadia.rafiq
2026-08-14 14:06:33 USER=sadia.rafiq LAB=lab201 HOME=/home/sadia.rafiq
2026-08-14 14:08:32 USER=sadia.rafiq LAB=lab201 HOME=/home/sadia.rafiq
2026-08-14 14:22:05 USER=amandar.qanoongo LAB=lab201 HOME=/home/amandar.qanoongo
2026-08-14 14:40:26 USER=amandar.qanoongo LAB=lab202 HOME=/home/amandar.qanoongo
2026-08-14 14:40:43 USER=amandar.qanoongo LAB=lab202 HOME=/home/amandar.qanoongo
2026-08-14 14:41:52 USER=babar.temoor LAB=lab204 HOME=/home/babar.temoor
2026-08-14 14:49:04 USER=amandar.qanoongo LAB=lab202 HOME=/home/amandar.qanoongo
2026-08-14 14:51:56 USER=amandar.qanoongo LAB=lab202 HOME=/home/amandar.qanoongo
2026-08-14 14:59:11 USER=amandar.qanoongo LAB=lab203 HOME=/home/amandar.qanoongo
2026-08-14 14:59:27 USER=amandar.qanoongo LAB=lab204 HOME=/home/amandar.qanoongo
2026-08-14 15:23:40 USER=babar.temoor LAB=lab203 HOME=/home/babar.temoor
2026-08-14 15:25:20 USER=saeed.anwar LAB=lab203 HOME=/home/saeed.anwar
2026-08-14 15:27:57 USER=janit.rashid LAB=lab206 HOME=/home/janit.rashid
2026-08-14 15:28:11 USER=saeed.anwar LAB=lab203 HOME=/home/saeed.anwar
2026-08-14 15:29:55 USER=waqar.shah LAB=lab201 HOME=/home/waqar.shah
2026-08-14 15:30:05 USER=saeed.anwar LAB=lab203 HOME=/home/saeed.anwar
2026-08-14 15:31:07 USER=babar.temoor LAB=lab202 HOME=/home/babar.temoor
2026-08-14 15:38:40 USER=rabia.tariq LAB=lab201 HOME=/home/rabia.tariq
2026-08-14 15:46:53 USER=jenny.salman LAB=lab203 HOME=/home/jenny.salman
2026-08-14 15:52:53 USER=sadia.rafiq LAB=lab202 HOME=/home/sadia.rafiq
2026-08-14 16:03:15 USER=hashim.mannan LAB=lab201 HOME=/home/hashim.mannan
2026-08-14 16:04:15 USER=hashim.mannan LAB=lab201 HOME=/home/hashim.mannan
2026-08-14 16:05:14 USER=sadia.rafiq LAB=lab202 HOME=/home/sadia.rafiq
2026-08-14 16:06:28 USER=hashim.mannan LAB=lab201 HOME=/home/hashim.mannan
2026-08-14 16:07:08 USER=hashim.mannan LAB=lab201 HOME=/home/hashim.mannan
2026-08-14 16:08:35 USER=hashim.mannan LAB=lab201 HOME=/home/hashim.mannan
2026-08-14 16:15:03 USER=janit.rashid LAB=lab206 HOME=/home/janit.rashid
2026-08-14 16:15:16 USER=janit.rashid LAB=lab206 HOME=/home/janit.rashid
2026-08-14 16:17:17 USER=jenny.salman LAB=lab203 HOME=/home/jenny.salman
2026-08-14 16:18:05 USER=jenny.salman LAB=lab203 HOME=/home/jenny.salman
2026-08-14 16:18:27 USER=jenny.salman LAB=lab203 HOME=/home/jenny.salman
2026-08-14 16:18:45 USER=jenny.salman LAB=lab203 HOME=/home/jenny.salman
2026-08-14 16:19:15 USER=jenny.salman LAB=lab203 HOME=/home/jenny.salman
2026-08-14 16:20:46 USER=jenny.salman LAB=lab203 HOME=/home/jenny.salman
2026-08-14 16:21:16 USER=jenny.salman LAB=lab203 HOME=/home/jenny.salman
2026-08-14 16:21:48 USER=jenny.salman LAB=lab203 HOME=/home/jenny.salman
2026-08-14 16:22:21 USER=janit.rashid LAB=lab206 HOME=/home/janit.rashid
2026-08-14 16:22:36 USER=janit.rashid LAB=lab206 HOME=/home/janit.rashid
2026-08-14 16:22:48 USER=jenny.salman LAB=lab203 HOME=/home/jenny.salman
2026-08-14 16:23:19 USER=janit.rashid LAB=lab206 HOME=/home/janit.rashid
2026-08-14 16:23:21 USER=jenny.salman LAB=lab203 HOME=/home/jenny.salman
2026-08-14 16:23:46 USER=jenny.salman LAB=lab203 HOME=/home/jenny.salman
2026-08-14 16:24:26 USER=waqar.shah LAB=lab201 HOME=/home/waqar.shah
2026-08-14 16:24:31 USER=jenny.salman LAB=lab203 HOME=/home/jenny.salman
2026-08-14 16:25:22 USER=jenny.salman LAB=lab203 HOME=/home/jenny.salman
2026-08-14 16:25:28 USER=jenny.salman LAB=lab202 HOME=/home/jenny.salman
2026-08-14 16:26:39 USER=waqar.shah LAB=lab206 HOME=/home/waqar.shah
2026-08-14 16:28:57 USER=hajra.iftikhar LAB=lab206 HOME=/home/hajra.iftikhar
2026-08-14 16:29:09 USER=hajra.iftikhar LAB=lab206 HOME=/home/hajra.iftikhar
2026-08-14 16:30:46 USER=jenny.salman LAB=lab203 HOME=/home/jenny.salman
2026-08-14 16:32:21 USER=babar.temoor LAB=lab202 HOME=/home/babar.temoor
2026-08-14 16:32:41 USER=babar.temoor LAB=lab202 HOME=/home/babar.temoor
2026-08-14 16:34:03 USER=babar.temoor LAB=lab202 HOME=/home/babar.temoor
2026-08-14 16:35:24 USER=jenny.salman LAB=lab203 HOME=/home/jenny.salman
2026-08-14 16:37:16 USER=babar.temoor LAB=lab202 HOME=/home/babar.temoor
2026-08-14 16:39:19 USER=jenny.salman LAB=lab203 HOME=/home/jenny.salman
2026-08-14 16:43:09 USER=raza.ali LAB=lab206 HOME=/home/raza.ali
2026-08-14 16:44:38 USER=jenny.salman LAB=lab203 HOME=/home/jenny.salman
2026-08-14 16:48:04 USER=muhammad.shoaib LAB=lab202 HOME=/home/muhammad.shoaib
2026-08-14 16:49:47 USER=jenny.salman LAB=lab203 HOME=/home/jenny.salman
2026-08-14 16:51:41 USER=jenny.salman LAB=lab204 HOME=/home/jenny.salman
2026-08-14 16:51:44 USER=hajra.iftikhar LAB=lab206 HOME=/home/hajra.iftikhar
2026-08-14 16:54:01 USER=muhammad.shoaib LAB=lab202 HOME=/home/muhammad.shoaib
2026-08-14 16:54:42 USER=muhammad.shoaib LAB=lab202 HOME=/home/muhammad.shoaib
2026-08-14 16:54:55 USER=hajra.iftikhar LAB=lab206 HOME=/home/hajra.iftikhar
2026-08-14 16:56:55 USER=hajra.iftikhar LAB=lab206 HOME=/home/hajra.iftikhar
2026-08-14 17:08:59 USER=ayesha.abdullah LAB=lab201 HOME=/home/ayesha.abdullah
2026-08-14 17:16:29 USER=jenny.salman LAB=lab204 HOME=/home/jenny.salman
2026-08-14 17:19:27 USER=jenny.salman LAB=lab204 HOME=/home/jenny.salman
2026-08-14 17:25:46 USER=ayesha.abdullah LAB=lab202 HOME=/home/ayesha.abdullah
2026-08-14 17:42:14 USER=ayesha.abdullah LAB=lab203 HOME=/home/ayesha.abdullah
2026-08-14 17:42:23 USER=jenny.salman LAB=lab204 HOME=/home/jenny.salman
2026-08-14 17:56:22 USER=jenny.salman LAB=lab204 HOME=/home/jenny.salman
2026-08-14 17:56:41 USER=jenny.salman LAB=lab205 HOME=/home/jenny.salman
2026-08-14 17:57:43 USER=ayesha.abdullah LAB=lab204 HOME=/home/ayesha.abdullah
2026-08-14 17:57:56 USER=jenny.salman LAB=lab205 HOME=/home/jenny.salman
2026-08-14 18:08:50 USER=jenny.salman LAB=lab205 HOME=/home/jenny.salman
2026-08-14 18:09:06 USER=jenny.salman LAB=lab204 HOME=/home/jenny.salman
2026-08-14 18:10:07 USER=jenny.salman LAB=lab205 HOME=/home/jenny.salman
2026-08-14 18:10:56 USER=ahmed.mohammed LAB=lab205 HOME=/home/ahmed.mohammed
2026-08-14 18:11:15 USER=jenny.salman LAB=lab205 HOME=/home/jenny.salman
2026-08-14 18:14:17 USER=jenny.salman LAB=lab205 HOME=/home/jenny.salman
2026-08-14 18:15:22 USER=jenny.salman LAB=lab205 HOME=/home/jenny.salman
2026-08-14 18:22:07 USER=ayesha.abdullah LAB=lab205 HOME=/home/ayesha.abdullah
2026-08-14 18:41:58 USER=hajra.iftikhar LAB=lab201 HOME=/home/hajra.iftikhar
2026-08-14 18:47:18 USER=hajra.iftikhar LAB=lab201 HOME=/home/hajra.iftikhar
2026-08-14 18:53:31 USER=waqar.shah LAB=lab206 HOME=/home/waqar.shah
2026-08-14 18:58:00 USER=jenny.salman LAB=lab205 HOME=/home/jenny.salman
2026-08-14 18:58:31 USER=hajra.iftikhar LAB=lab201 HOME=/home/hajra.iftikhar
2026-08-14 18:59:04 USER=asfiya.umair LAB=lab206 HOME=/home/asfiya.umair
2026-08-14 18:59:48 USER=jenny.salman LAB=lab205 HOME=/home/jenny.salman
2026-08-14 19:02:51 USER=jenny.salman LAB=lab205 HOME=/home/jenny.salman
2026-08-14 19:20:54 USER=hasnat.kamal LAB=lab206 HOME=/home/hasnat.kamal
2026-08-14 19:21:22 USER=hasnat.kamal LAB=lab206 HOME=/home/hasnat.kamal
2026-08-14 19:25:47 USER=muhammad.rafiq LAB=lab201 HOME=/home/muhammad.rafiq
2026-08-14 19:25:48 USER=jenny.salman LAB=lab205 HOME=/home/jenny.salman
2026-08-14 19:26:01 USER=jenny.salman LAB=lab206 HOME=/home/jenny.salman
2026-08-14 19:29:23 USER=waqar.shah LAB=lab206 HOME=/home/waqar.shah
2026-08-14 19:40:14 USER=waqar.shah LAB=lab206 HOME=/home/waqar.shah
2026-08-14 19:44:48 USER=jenny.salman LAB=lab206 HOME=/home/jenny.salman
2026-08-14 19:50:43 USER=jenny.salman LAB=lab206 HOME=/home/jenny.salman
2026-08-14 19:58:57 USER=jenny.salman LAB=lab206 HOME=/home/jenny.salman
2026-08-14 20:00:00 USER=awais.sattar LAB=lab202 HOME=/home/awais.sattar
2026-08-14 20:00:35 USER=jenny.salman LAB=lab206 HOME=/home/jenny.salman
2026-08-14 20:02:55 USER=jenny.salman LAB=lab206 HOME=/home/jenny.salman
2026-08-14 20:03:11 USER=jenny.salman LAB=lab205 HOME=/home/jenny.salman
2026-08-14 20:06:28 USER=jenny.salman LAB=lab206 HOME=/home/jenny.salman
2026-08-14 20:08:08 USER=jenny.salman LAB=lab206 HOME=/home/jenny.salman
2026-08-14 20:09:48 USER=jenny.salman LAB=lab201 HOME=/home/jenny.salman
2026-08-14 20:12:45 USER=rupinder.kaur LAB=lab206 HOME=/home/rupinder.kaur
2026-08-14 20:14:06 USER=jenny.salman LAB=lab201 HOME=/home/jenny.salman
2026-08-14 20:21:51 USER=jenny.salman LAB=lab201 HOME=/home/jenny.salman
2026-08-14 20:24:51 USER=jenny.salman LAB=lab201 HOME=/home/jenny.salman
2026-08-14 20:25:09 USER=jenny.salman LAB=lab202 HOME=/home/jenny.salman
2026-08-14 20:25:15 USER=jenny.salman LAB=lab203 HOME=/home/jenny.salman
2026-08-14 20:25:22 USER=jenny.salman LAB=lab204 HOME=/home/jenny.salman
2026-08-14 20:25:30 USER=jenny.salman LAB=lab206 HOME=/home/jenny.salman
2026-08-14 20:29:21 USER=saba.nawaz LAB=lab202 HOME=/home/saba.nawaz
2026-08-14 20:31:01 USER=jenny.salman LAB=lab201 HOME=/home/jenny.salman
2026-08-14 20:41:10 USER=suliman.ashraf LAB=lab205 HOME=/home/suliman.ashraf
2026-08-14 20:50:10 USER=rupinder.kaur LAB=lab201 HOME=/home/rupinder.kaur
2026-08-14 20:57:59 USER=saba.nawaz LAB=lab201 HOME=/home/saba.nawaz
2026-08-14 21:17:11 USER=awais.sattar LAB=lab203 HOME=/home/awais.sattar
2026-08-14 21:25:04 USER=raza.ali LAB=lab204 HOME=/home/raza.ali
2026-08-14 21:25:16 USER=raza.ali LAB=lab205 HOME=/home/raza.ali
2026-08-14 21:29:14 USER=saeed.anwar LAB=lab204 HOME=/home/saeed.anwar
2026-08-14 21:31:53 USER=saba.nawaz LAB=lab202 HOME=/home/saba.nawaz
2026-08-14 21:33:12 USER=saeed.anwar LAB=lab204 HOME=/home/saeed.anwar
2026-08-14 21:35:52 USER=saeed.anwar LAB=lab204 HOME=/home/saeed.anwar
2026-08-14 21:52:57 USER=ayesha.abdullah LAB=lab206 HOME=/home/ayesha.abdullah
2026-08-14 21:55:36 USER=saeed.anwar LAB=lab204 HOME=/home/saeed.anwar
2026-08-14 21:59:34 USER=saeed.anwar LAB=lab204 HOME=/home/saeed.anwar
2026-08-14 22:01:23 USER=saeed.anwar LAB=lab204 HOME=/home/saeed.anwar
2026-08-14 22:03:44 USER=saeed.anwar LAB=lab204 HOME=/home/saeed.anwar
2026-08-14 22:04:28 USER=saeed.anwar LAB=lab204 HOME=/home/saeed.anwar
2026-08-14 22:55:33 USER=zara.khan LAB=lab201 HOME=/home/zara.khan
2026-08-14 23:35:47 USER=danyal.khan LAB=lab205 HOME=/home/danyal.khan
2026-08-14 23:40:38 USER=zara.khan LAB=lab202 HOME=/home/zara.khan
2026-08-15 00:03:17 USER=fakhr.rabbani LAB=lab205 HOME=/home/fakhr.rabbani
2026-08-15 00:04:05 USER=fakhr.rabbani LAB=lab205 HOME=/home/fakhr.rabbani
2026-08-15 00:06:04 USER=fathima.sundus LAB=lab206 HOME=/home/fathima.sundus
2026-08-15 00:09:31 USER=fakhr.rabbani LAB=lab205 HOME=/home/fakhr.rabbani
2026-08-15 00:10:47 USER=david.salame LAB=lab201 HOME=/home/david.salame
2026-08-15 00:10:53 USER=fakhr.rabbani LAB=lab205 HOME=/home/fakhr.rabbani
2026-08-15 00:11:45 USER=fakhr.rabbani LAB=lab205 HOME=/home/fakhr.rabbani
2026-08-15 00:14:21 USER=zara.khan LAB=lab203 HOME=/home/zara.khan
2026-08-15 00:17:00 USER=zara.khan LAB=lab203 HOME=/home/zara.khan
2026-08-15 00:18:21 USER=zara.khan LAB=lab203 HOME=/home/zara.khan
2026-08-15 00:42:13 USER=sameer.awais LAB=lab205 HOME=/home/sameer.awais
2026-08-15 00:42:39 USER=david.salame LAB=lab202 HOME=/home/david.salame
2026-08-15 00:44:28 USER=david.salame LAB=lab202 HOME=/home/david.salame
2026-08-15 00:45:05 USER=zara.khan LAB=lab204 HOME=/home/zara.khan
2026-08-15 00:45:41 USER=david.salame LAB=lab202 HOME=/home/david.salame
2026-08-15 00:46:08 USER=david.salame LAB=lab202 HOME=/home/david.salame
2026-08-15 00:46:28 USER=saeed.anwar LAB=lab205 HOME=/home/saeed.anwar
2026-08-15 00:46:45 USER=david.salame LAB=lab202 HOME=/home/david.salame
2026-08-15 00:47:44 USER=david.salame LAB=lab202 HOME=/home/david.salame
2026-08-15 00:48:24 USER=fakhr.rabbani LAB=lab205 HOME=/home/fakhr.rabbani
2026-08-15 00:48:36 USER=zara.khan LAB=lab204 HOME=/home/zara.khan
2026-08-15 00:48:59 USER=fakhr.rabbani LAB=lab204 HOME=/home/fakhr.rabbani
2026-08-15 00:49:16 USER=david.salame LAB=lab202 HOME=/home/david.salame
2026-08-15 00:50:07 USER=noor.fatima LAB=lab201 HOME=/home/noor.fatima
2026-08-15 00:50:27 USER=sameer.awais LAB=lab206 HOME=/home/sameer.awais
2026-08-15 00:50:50 USER=david.salame LAB=lab202 HOME=/home/david.salame
2026-08-15 00:51:53 USER=david.salame LAB=lab202 HOME=/home/david.salame
2026-08-15 00:52:04 USER=zara.khan LAB=lab204 HOME=/home/zara.khan
2026-08-15 00:53:39 USER=david.salame LAB=lab202 HOME=/home/david.salame
2026-08-15 00:54:30 USER=fakhr.rabbani LAB=lab205 HOME=/home/fakhr.rabbani
2026-08-15 00:54:54 USER=david.salame LAB=lab202 HOME=/home/david.salame
2026-08-15 00:55:15 USER=noor.fatima LAB=lab201 HOME=/home/noor.fatima
2026-08-15 00:57:29 USER=david.salame LAB=lab202 HOME=/home/david.salame
2026-08-15 00:58:09 USER=sameer.awais LAB=lab206 HOME=/home/sameer.awais
2026-08-15 00:58:29 USER=david.salame LAB=lab202 HOME=/home/david.salame
2026-08-15 00:59:09 USER=david.salame LAB=lab202 HOME=/home/david.salame
2026-08-15 00:59:23 USER=david.salame LAB=lab202 HOME=/home/david.salame
2026-08-15 01:00:10 USER=danyal.khan LAB=lab206 HOME=/home/danyal.khan
2026-08-15 01:00:41 USER=david.salame LAB=lab202 HOME=/home/david.salame
2026-08-15 01:01:40 USER=david.salame LAB=lab202 HOME=/home/david.salame
2026-08-15 01:03:15 USER=sameer.awais LAB=lab206 HOME=/home/sameer.awais
2026-08-15 01:04:52 USER=david.salame LAB=lab202 HOME=/home/david.salame
2026-08-15 01:05:45 USER=sameer.awais LAB=lab206 HOME=/home/sameer.awais
2026-08-15 01:06:13 USER=david.salame LAB=lab202 HOME=/home/david.salame
2026-08-15 01:06:51 USER=david.salame LAB=lab202 HOME=/home/david.salame
2026-08-15 01:08:28 USER=david.salame LAB=lab202 HOME=/home/david.salame
2026-08-15 01:09:12 USER=sameer.awais LAB=lab206 HOME=/home/sameer.awais
2026-08-15 01:09:35 USER=fakhr.rabbani LAB=lab205 HOME=/home/fakhr.rabbani
2026-08-15 01:11:01 USER=fakhr.rabbani LAB=lab205 HOME=/home/fakhr.rabbani
2026-08-15 01:13:00 USER=auroba.ahmad LAB=lab205 HOME=/home/auroba.ahmad
2026-08-15 01:13:52 USER=noor.fatima LAB=lab201 HOME=/home/noor.fatima
2026-08-15 01:14:13 USER=sameer.awais LAB=lab206 HOME=/home/sameer.awais
2026-08-15 01:20:20 USER=noor.fatima LAB=lab201 HOME=/home/noor.fatima
2026-08-15 01:24:22 USER=auroba.ahmad LAB=lab205 HOME=/home/auroba.ahmad
2026-08-15 01:31:09 USER=rupinder.kaur LAB=lab202 HOME=/home/rupinder.kaur
2026-08-15 01:39:46 USER=sadia.rafiq LAB=lab205 HOME=/home/sadia.rafiq
2026-08-15 01:39:49 USER=babli.mehta LAB=lab205 HOME=/home/babli.mehta
2026-08-15 01:39:56 USER=rabia.tariq LAB=lab205 HOME=/home/rabia.tariq
2026-08-15 01:40:32 USER=shafaq.zehra LAB=lab205 HOME=/home/shafaq.zehra
2026-08-15 01:45:54 USER=noor.fatima LAB=lab202 HOME=/home/noor.fatima
2026-08-15 01:47:08 USER=noor.fatima LAB=lab202 HOME=/home/noor.fatima
2026-08-15 01:47:51 USER=sadia.rafiq LAB=lab204 HOME=/home/sadia.rafiq
2026-08-15 01:48:54 USER=noor.fatima LAB=lab201 HOME=/home/noor.fatima
2026-08-15 01:51:02 USER=noor.fatima LAB=lab202 HOME=/home/noor.fatima
2026-08-15 01:54:51 USER=sadia.rafiq LAB=lab205 HOME=/home/sadia.rafiq
2026-08-15 01:57:17 USER=rupinder.kaur LAB=lab202 HOME=/home/rupinder.kaur
2026-08-15 02:00:20 USER=auroba.ahmad LAB=lab206 HOME=/home/auroba.ahmad
2026-08-15 02:02:44 USER=noor.fatima LAB=lab203 HOME=/home/noor.fatima
2026-08-15 02:02:56 USER=khawar.abbas LAB=lab206 HOME=/home/khawar.abbas
2026-08-15 02:07:56 USER=awais.ahmed LAB=lab202 HOME=/home/awais.ahmed
2026-08-15 02:08:37 USER=khawar.abbas LAB=lab206 HOME=/home/khawar.abbas
2026-08-15 02:13:57 USER=auroba.ahmad LAB=lab206 HOME=/home/auroba.ahmad
2026-08-15 02:18:03 USER=awais.sattar LAB=lab204 HOME=/home/awais.sattar
2026-08-15 02:18:36 USER=auroba.ahmad LAB=lab206 HOME=/home/auroba.ahmad
2026-08-15 02:21:14 USER=khawar.abbas LAB=lab206 HOME=/home/khawar.abbas
2026-08-15 02:21:33 USER=noor.fatima LAB=lab203 HOME=/home/noor.fatima
2026-08-15 02:22:41 USER=kinza.afzal LAB=lab201 HOME=/home/kinza.afzal
2026-08-15 02:23:28 USER=kinza.afzal LAB=lab201 HOME=/home/kinza.afzal
2026-08-15 02:25:26 USER=kinza.afzal LAB=lab201 HOME=/home/kinza.afzal
2026-08-15 02:25:51 USER=khawar.abbas LAB=lab206 HOME=/home/khawar.abbas
2026-08-15 02:26:09 USER=fathima.sundus LAB=lab206 HOME=/home/fathima.sundus
2026-08-15 02:27:02 USER=khawar.abbas LAB=lab201 HOME=/home/khawar.abbas
2026-08-15 02:27:40 USER=kinza.afzal LAB=lab201 HOME=/home/kinza.afzal
2026-08-15 02:28:23 USER=khawar.abbas LAB=lab201 HOME=/home/khawar.abbas
2026-08-15 02:31:27 USER=kinza.afzal LAB=lab201 HOME=/home/kinza.afzal
2026-08-15 02:34:37 USER=khawar.abbas LAB=lab201 HOME=/home/khawar.abbas
2026-08-15 02:47:17 USER=fathima.sundus LAB=lab204 HOME=/home/fathima.sundus
2026-08-15 02:47:56 USER=fathima.sundus LAB=lab203 HOME=/home/fathima.sundus
2026-08-15 02:48:25 USER=fathima.sundus LAB=lab204 HOME=/home/fathima.sundus
2026-08-15 02:56:07 USER=anas.khan LAB=lab205 HOME=/home/anas.khan
2026-08-15 02:57:40 USER=anas.khan LAB=lab205 HOME=/home/anas.khan
2026-08-15 02:58:35 USER=anas.khan LAB=lab205 HOME=/home/anas.khan
2026-08-15 02:59:57 USER=gurmat.kaur LAB=lab204 HOME=/home/gurmat.kaur
2026-08-15 03:01:42 USER=noor.fatima LAB=lab204 HOME=/home/noor.fatima
2026-08-15 03:03:46 USER=khawar.abbas LAB=lab202 HOME=/home/khawar.abbas
2026-08-15 03:04:27 USER=khawar.abbas LAB=lab202 HOME=/home/khawar.abbas
2026-08-15 03:06:10 USER=anas.khan LAB=lab206 HOME=/home/anas.khan
2026-08-15 03:07:49 USER=khawar.abbas LAB=lab202 HOME=/home/khawar.abbas
2026-08-15 03:08:10 USER=saeed.anwar LAB=lab206 HOME=/home/saeed.anwar
2026-08-15 03:09:20 USER=noor.fatima LAB=lab205 HOME=/home/noor.fatima
2026-08-15 03:18:40 USER=khawar.abbas LAB=lab202 HOME=/home/khawar.abbas
2026-08-15 03:20:20 USER=khawar.abbas LAB=lab202 HOME=/home/khawar.abbas
2026-08-15 03:23:21 USER=khawar.abbas LAB=lab202 HOME=/home/khawar.abbas
2026-08-15 03:24:11 USER=noor.fatima LAB=lab205 HOME=/home/noor.fatima
2026-08-15 03:25:07 USER=anas.khan LAB=lab206 HOME=/home/anas.khan
2026-08-15 03:26:47 USER=khawar.abbas LAB=lab202 HOME=/home/khawar.abbas
2026-08-15 03:27:11 USER=anas.khan LAB=lab206 HOME=/home/anas.khan
2026-08-15 03:28:21 USER=fathima.sundus LAB=lab203 HOME=/home/fathima.sundus
2026-08-15 03:28:41 USER=khawar.abbas LAB=lab202 HOME=/home/khawar.abbas
2026-08-15 03:31:50 USER=fathima.sundus LAB=lab204 HOME=/home/fathima.sundus
2026-08-15 03:34:09 USER=rabia.tariq LAB=lab204 HOME=/home/rabia.tariq
2026-08-15 03:34:39 USER=janit.rashid LAB=lab206 HOME=/home/janit.rashid
2026-08-15 03:38:08 USER=khawar.abbas LAB=lab202 HOME=/home/khawar.abbas
2026-08-15 03:39:16 USER=noor.fatima LAB=lab205 HOME=/home/noor.fatima
2026-08-15 03:39:34 USER=noor.fatima LAB=lab205 HOME=/home/noor.fatima
2026-08-15 03:44:01 USER=awais.sattar LAB=lab205 HOME=/home/awais.sattar
2026-08-15 03:48:43 USER=khawar.abbas LAB=lab202 HOME=/home/khawar.abbas
2026-08-15 03:50:56 USER=khawar.abbas LAB=lab202 HOME=/home/khawar.abbas
2026-08-15 03:51:36 USER=khawar.abbas LAB=lab202 HOME=/home/khawar.abbas
2026-08-15 03:54:22 USER=khawar.abbas LAB=lab202 HOME=/home/khawar.abbas
2026-08-15 03:54:37 USER=khawar.abbas LAB=lab202 HOME=/home/khawar.abbas
2026-08-15 03:56:03 USER=kinza.afzal LAB=lab202 HOME=/home/kinza.afzal
2026-08-15 03:56:28 USER=khawar.abbas LAB=lab202 HOME=/home/khawar.abbas
2026-08-15 03:56:36 USER=rabia.tariq LAB=lab203 HOME=/home/rabia.tariq
2026-08-15 04:07:20 USER=asfiya.umair LAB=lab206 HOME=/home/asfiya.umair
2026-08-15 04:09:44 USER=rikza.ali LAB=lab206 HOME=/home/rikza.ali
2026-08-15 04:13:03 USER=rikza.ali LAB=lab206 HOME=/home/rikza.ali
2026-08-15 04:14:19 USER=rikza.ali LAB=lab205 HOME=/home/rikza.ali
2026-08-15 04:15:30 USER=khawar.abbas LAB=lab203 HOME=/home/khawar.abbas
2026-08-15 04:15:39 USER=khawar.abbas LAB=lab201 HOME=/home/khawar.abbas
2026-08-15 04:15:50 USER=khawar.abbas LAB=lab202 HOME=/home/khawar.abbas
2026-08-15 04:16:32 USER=khawar.abbas LAB=lab202 HOME=/home/khawar.abbas
2026-08-15 04:16:53 USER=khawar.abbas LAB=lab203 HOME=/home/khawar.abbas
2026-08-15 04:22:01 USER=saffi.ullah LAB=lab203 HOME=/home/saffi.ullah
2026-08-15 04:23:25 USER=rikza.ali LAB=lab205 HOME=/home/rikza.ali
2026-08-15 04:23:28 USER=khawar.abbas LAB=lab204 HOME=/home/khawar.abbas
2026-08-15 04:27:02 USER=rikza.ali LAB=lab205 HOME=/home/rikza.ali
2026-08-15 04:31:02 USER=khawar.abbas LAB=lab204 HOME=/home/khawar.abbas
2026-08-15 04:33:20 USER=asfiya.umair LAB=lab204 HOME=/home/asfiya.umair
2026-08-15 04:34:54 USER=sana.abbasi LAB=lab201 HOME=/home/sana.abbasi
2026-08-15 04:35:29 USER=khawar.abbas LAB=lab204 HOME=/home/khawar.abbas
2026-08-15 04:37:47 USER=sana.abbasi LAB=lab201 HOME=/home/sana.abbasi
2026-08-15 04:49:38 USER=janit.rashid LAB=lab206 HOME=/home/janit.rashid
2026-08-15 04:53:13 USER=janit.rashid LAB=lab206 HOME=/home/janit.rashid
2026-08-15 05:12:26 USER=hajra.iftikhar LAB=lab201 HOME=/home/hajra.iftikhar
2026-08-15 05:28:04 USER=nazmeen.faryad LAB=lab206 HOME=/home/nazmeen.faryad
2026-08-15 05:28:30 USER=hajra.iftikhar LAB=lab201 HOME=/home/hajra.iftikhar
2026-08-15 05:36:18 USER=nazmeen.faryad LAB=lab206 HOME=/home/nazmeen.faryad
2026-08-15 05:36:23 USER=hajra.iftikhar LAB=lab201 HOME=/home/hajra.iftikhar
2026-08-15 05:36:36 USER=saffi.ullah LAB=lab203 HOME=/home/saffi.ullah
2026-08-15 05:42:58 USER=hajra.iftikhar LAB=lab201 HOME=/home/hajra.iftikhar
2026-08-15 05:48:33 USER=hajra.iftikhar LAB=lab201 HOME=/home/hajra.iftikhar
2026-08-15 05:49:09 USER=hajra.iftikhar LAB=lab202 HOME=/home/hajra.iftikhar
2026-08-15 06:00:10 USER=janit.rashid LAB=lab205 HOME=/home/janit.rashid
2026-08-15 06:01:16 USER=hajra.iftikhar LAB=lab202 HOME=/home/hajra.iftikhar
2026-08-15 06:02:22 USER=janit.rashid LAB=lab204 HOME=/home/janit.rashid
2026-08-15 06:07:52 USER=hajra.iftikhar LAB=lab202 HOME=/home/hajra.iftikhar
2026-08-15 06:09:45 USER=hajra.iftikhar LAB=lab202 HOME=/home/hajra.iftikhar
2026-08-15 06:11:01 USER=hajra.iftikhar LAB=lab202 HOME=/home/hajra.iftikhar
2026-08-15 06:17:21 USER=sana.abbasi LAB=lab202 HOME=/home/sana.abbasi
2026-08-15 06:20:07 USER=janit.rashid LAB=lab204 HOME=/home/janit.rashid
2026-08-15 06:23:57 USER=sana.abbasi LAB=lab202 HOME=/home/sana.abbasi
2026-08-15 06:55:48 USER=sana.abbasi LAB=lab203 HOME=/home/sana.abbasi
2026-08-15 06:57:02 USER=hajra.iftikhar LAB=lab202 HOME=/home/hajra.iftikhar
2026-08-15 06:58:05 USER=nazmeen.faryad LAB=lab201 HOME=/home/nazmeen.faryad
2026-08-15 07:00:52 USER=sana.abbasi LAB=lab203 HOME=/home/sana.abbasi
2026-08-15 07:04:08 USER=hajra.iftikhar LAB=lab202 HOME=/home/hajra.iftikhar
2026-08-15 07:05:53 USER=hajra.iftikhar LAB=lab202 HOME=/home/hajra.iftikhar
2026-08-15 07:10:45 USER=ali.raza LAB=lab206 HOME=/home/ali.raza
2026-08-15 07:16:45 USER=nazmeen.faryad LAB=lab201 HOME=/home/nazmeen.faryad
2026-08-15 07:18:58 USER=nazmeen.faryad LAB=lab201 HOME=/home/nazmeen.faryad
2026-08-15 07:26:27 USER=nazmeen.faryad LAB=lab201 HOME=/home/nazmeen.faryad
2026-08-15 07:28:03 USER=nazmeen.faryad LAB=lab201 HOME=/home/nazmeen.faryad
2026-08-15 07:28:20 USER=hajra.iftikhar LAB=lab202 HOME=/home/hajra.iftikhar
2026-08-15 07:34:37 USER=hajra.iftikhar LAB=lab202 HOME=/home/hajra.iftikhar
2026-08-15 07:35:11 USER=nazmeen.faryad LAB=lab201 HOME=/home/nazmeen.faryad
2026-08-15 07:37:53 USER=hajra.iftikhar LAB=lab202 HOME=/home/hajra.iftikhar
2026-08-15 07:58:49 USER=hajra.iftikhar LAB=lab202 HOME=/home/hajra.iftikhar
2026-08-15 08:28:16 USER=hammas.salam LAB=lab206 HOME=/home/hammas.salam
2026-08-15 08:32:50 USER=hammas.salam LAB=lab206 HOME=/home/hammas.salam
2026-08-15 08:33:57 USER=hammas.salam LAB=lab206 HOME=/home/hammas.salam
2026-08-15 08:45:24 USER=hajra.iftikhar LAB=lab202 HOME=/home/hajra.iftikhar
2026-08-15 08:58:33 USER=hajra.iftikhar LAB=lab202 HOME=/home/hajra.iftikhar
2026-08-15 09:00:23 USER=hajra.iftikhar LAB=lab202 HOME=/home/hajra.iftikhar
2026-08-15 09:02:53 USER=nazmeen.faryad LAB=lab202 HOME=/home/nazmeen.faryad
2026-08-15 09:07:11 USER=nazmeen.faryad LAB=lab202 HOME=/home/nazmeen.faryad
2026-08-15 09:08:19 USER=hajra.iftikhar LAB=lab202 HOME=/home/hajra.iftikhar
2026-08-15 09:08:35 USER=nazmeen.faryad LAB=lab202 HOME=/home/nazmeen.faryad
2026-08-15 09:18:03 USER=hajra.iftikhar LAB=lab202 HOME=/home/hajra.iftikhar
2026-08-15 09:27:53 USER=nazmeen.faryad LAB=lab202 HOME=/home/nazmeen.faryad
2026-08-15 09:38:07 USER=nazmeen.faryad LAB=lab202 HOME=/home/nazmeen.faryad
2026-08-15 09:47:56 USER=hajra.iftikhar LAB=lab202 HOME=/home/hajra.iftikhar
2026-08-15 09:54:15 USER=hajra.iftikhar LAB=lab201 HOME=/home/hajra.iftikhar
2026-08-15 09:54:28 USER=hajra.iftikhar LAB=lab202 HOME=/home/hajra.iftikhar
2026-08-15 10:24:06 USER=hajra.iftikhar LAB=lab203 HOME=/home/hajra.iftikhar
2026-08-15 10:25:24 USER=hajra.iftikhar LAB=lab203 HOME=/home/hajra.iftikhar
2026-08-15 10:41:30 USER=adeel.khan LAB=lab202 HOME=/home/adeel.khan
2026-08-15 11:16:40 USER=nazmeen.faryad LAB=lab203 HOME=/home/nazmeen.faryad
2026-08-15 11:42:39 USER=hajra.iftikhar LAB=lab203 HOME=/home/hajra.iftikhar
2026-08-15 11:49:28 USER=hajra.iftikhar LAB=lab203 HOME=/home/hajra.iftikhar
2026-08-15 11:50:51 USER=hajra.iftikhar LAB=lab203 HOME=/home/hajra.iftikhar
2026-08-15 12:02:35 USER=hajra.iftikhar LAB=lab203 HOME=/home/hajra.iftikhar
2026-08-15 12:02:59 USER=hajra.iftikhar LAB=lab204 HOME=/home/hajra.iftikhar
2026-08-15 12:06:29 USER=hajra.iftikhar LAB=lab204 HOME=/home/hajra.iftikhar
2026-08-15 12:31:55 USER=hajra.iftikhar LAB=lab204 HOME=/home/hajra.iftikhar
2026-08-15 12:35:12 USER=hajra.iftikhar LAB=lab204 HOME=/home/hajra.iftikhar
2026-08-15 13:16:25 USER=asfiya.umair LAB=lab205 HOME=/home/asfiya.umair
2026-08-15 13:27:59 USER=hajra.iftikhar LAB=lab204 HOME=/home/hajra.iftikhar
2026-08-15 13:32:05 USER=hajra.iftikhar LAB=lab205 HOME=/home/hajra.iftikhar
2026-08-15 13:32:21 USER=hajra.iftikhar LAB=lab201 HOME=/home/hajra.iftikhar
2026-08-15 13:32:31 USER=hajra.iftikhar LAB=lab202 HOME=/home/hajra.iftikhar
2026-08-15 13:32:41 USER=hajra.iftikhar LAB=lab203 HOME=/home/hajra.iftikhar
2026-08-15 13:32:50 USER=hajra.iftikhar LAB=lab204 HOME=/home/hajra.iftikhar
2026-08-15 13:33:01 USER=hajra.iftikhar LAB=lab206 HOME=/home/hajra.iftikhar
2026-08-15 13:48:21 USER=janit.rashid LAB=lab205 HOME=/home/janit.rashid
2026-08-15 13:48:31 USER=janit.rashid LAB=lab206 HOME=/home/janit.rashid
2026-08-15 13:48:41 USER=janit.rashid LAB=lab204 HOME=/home/janit.rashid
2026-08-15 13:58:13 USER=hajra.iftikhar LAB=lab205 HOME=/home/hajra.iftikhar
2026-08-15 14:06:04 USER=hajra.iftikhar LAB=lab205 HOME=/home/hajra.iftikhar
2026-08-15 14:10:05 USER=asfiya.umair LAB=lab201 HOME=/home/asfiya.umair
2026-08-15 14:13:49 USER=umaira.zaib LAB=lab201 HOME=/home/umaira.zaib
2026-08-15 14:20:28 USER=janit.rashid LAB=lab204 HOME=/home/janit.rashid
2026-08-15 14:21:16 USER=janit.rashid LAB=lab203 HOME=/home/janit.rashid
2026-08-15 14:22:12 USER=muhammad.bilal LAB=lab202 HOME=/home/muhammad.bilal
2026-08-15 14:49:36 USER=muhammad.bilal LAB=lab202 HOME=/home/muhammad.bilal
2026-08-15 14:52:45 USER=muhammad.bilal LAB=lab202 HOME=/home/muhammad.bilal
2026-08-15 15:01:57 USER=khawar.abbas LAB=lab206 HOME=/home/khawar.abbas
2026-08-15 15:02:08 USER=khawar.abbas LAB=lab201 HOME=/home/khawar.abbas
2026-08-15 15:02:22 USER=khawar.abbas LAB=lab202 HOME=/home/khawar.abbas
2026-08-15 15:02:46 USER=khawar.abbas LAB=lab203 HOME=/home/khawar.abbas
2026-08-15 15:03:00 USER=khawar.abbas LAB=lab204 HOME=/home/khawar.abbas
2026-08-15 15:03:19 USER=lubna.nazir LAB=lab201 HOME=/home/lubna.nazir
2026-08-15 15:03:26 USER=khawar.abbas LAB=lab205 HOME=/home/khawar.abbas
2026-08-15 15:16:46 USER=asfiya.umair LAB=lab202 HOME=/home/asfiya.umair
2026-08-15 15:20:21 USER=janit.rashid LAB=lab203 HOME=/home/janit.rashid
2026-08-15 15:21:21 USER=janit.rashid LAB=lab203 HOME=/home/janit.rashid
2026-08-15 15:28:18 USER=janit.rashid LAB=lab203 HOME=/home/janit.rashid
2026-08-15 15:37:26 USER=muhammad.shoaib LAB=lab205 HOME=/home/muhammad.shoaib
2026-08-15 15:38:54 USER=muhammad.shoaib LAB=lab205 HOME=/home/muhammad.shoaib
2026-08-15 15:40:16 USER=muhammad.shoaib LAB=lab205 HOME=/home/muhammad.shoaib
2026-08-15 15:42:33 USER=rupinder.kaur LAB=lab206 HOME=/home/rupinder.kaur
2026-08-15 15:49:05 USER=muhammad.bilal LAB=lab203 HOME=/home/muhammad.bilal
2026-08-15 15:50:43 USER=asfiya.umair LAB=lab203 HOME=/home/asfiya.umair
2026-08-15 15:51:40 USER=khawar.abbas LAB=lab204 HOME=/home/khawar.abbas
2026-08-15 15:56:53 USER=shoaib.javid LAB=lab206 HOME=/home/shoaib.javid
2026-08-15 16:00:33 USER=shoaib.javid LAB=lab206 HOME=/home/shoaib.javid
2026-08-15 16:01:04 USER=shoaib.javid LAB=lab206 HOME=/home/shoaib.javid
2026-08-15 16:01:25 USER=shoaib.javid LAB=lab206 HOME=/home/shoaib.javid
2026-08-15 16:07:19 USER=arjun.singh LAB=lab204 HOME=/home/arjun.singh
2026-08-15 16:07:28 USER=arjun.singh LAB=lab203 HOME=/home/arjun.singh
2026-08-15 16:09:38 USER=shoaib.javid LAB=lab206 HOME=/home/shoaib.javid
2026-08-15 16:10:05 USER=muhammad.bilal LAB=lab204 HOME=/home/muhammad.bilal
2026-08-15 16:12:55 USER=zara.khan LAB=lab206 HOME=/home/zara.khan
2026-08-15 16:14:13 USER=shoaib.javid LAB=lab206 HOME=/home/shoaib.javid
2026-08-15 16:19:37 USER=shoaib.javid LAB=lab206 HOME=/home/shoaib.javid
2026-08-15 16:21:31 USER=rupinder.kaur LAB=lab206 HOME=/home/rupinder.kaur
2026-08-15 16:24:25 USER=arjun.singh LAB=lab203 HOME=/home/arjun.singh
2026-08-15 16:29:40 USER=arjun.singh LAB=lab203 HOME=/home/arjun.singh
2026-08-15 16:30:55 USER=arjun.singh LAB=lab202 HOME=/home/arjun.singh
2026-08-15 16:32:41 USER=ali.raza LAB=lab206 HOME=/home/ali.raza
2026-08-15 16:33:50 USER=arjun.singh LAB=lab201 HOME=/home/arjun.singh
2026-08-15 17:15:04 USER=ali.raza LAB=lab206 HOME=/home/ali.raza
2026-08-15 18:42:36 USER=arjun.singh LAB=lab101 HOME=/home/arjun.singh
2026-08-15 19:32:00 USER=janit.rashid LAB=lab203 HOME=/home/janit.rashid
2026-08-15 19:54:21 USER=talha.zubair LAB=lab201 HOME=/home/talha.zubair
2026-08-15 19:55:58 USER=waqar.zahoor LAB=lab201 HOME=/home/waqar.zahoor
2026-08-15 20:07:15 USER=waqar.zahoor LAB=lab201 HOME=/home/waqar.zahoor
2026-08-15 20:10:30 USER=waqar.zahoor LAB=lab201 HOME=/home/waqar.zahoor
2026-08-15 20:14:33 USER=waqar.zahoor LAB=lab202 HOME=/home/waqar.zahoor
2026-08-15 20:14:46 USER=waqar.zahoor LAB=lab203 HOME=/home/waqar.zahoor
2026-08-15 20:15:01 USER=waqar.zahoor LAB=lab204 HOME=/home/waqar.zahoor
2026-08-15 20:15:13 USER=waqar.zahoor LAB=lab205 HOME=/home/waqar.zahoor
2026-08-15 20:15:20 USER=waqar.zahoor LAB=lab206 HOME=/home/waqar.zahoor
2026-08-15 20:15:35 USER=waqar.zahoor LAB=lab201 HOME=/home/waqar.zahoor
2026-08-15 21:36:35 USER=zara.khan LAB=lab205 HOME=/home/zara.khan
2026-08-15 22:08:37 USER=ali.raza LAB=lab206 HOME=/home/ali.raza
2026-08-15 22:52:14 USER=arjun.singh LAB=lab202 HOME=/home/arjun.singh
2026-08-15 23:00:44 USER=arjun.singh LAB=lab202 HOME=/home/arjun.singh
2026-08-15 23:46:30 USER=arjun.singh LAB=lab202 HOME=/home/arjun.singh
2026-08-15 23:48:06 USER=ayesha.abdullah LAB=lab206 HOME=/home/ayesha.abdullah
2026-08-15 23:48:52 USER=arjun.singh LAB=lab202 HOME=/home/arjun.singh
2026-08-15 23:49:49 USER=ayesha.abdullah LAB=lab206 HOME=/home/ayesha.abdullah
2026-08-15 23:51:34 USER=arjun.singh LAB=lab202 HOME=/home/arjun.singh
2026-08-15 23:53:40 USER=arjun.singh LAB=lab202 HOME=/home/arjun.singh
2026-08-15 23:56:25 USER=arjun.singh LAB=lab202 HOME=/home/arjun.singh
2026-08-15 23:58:25 USER=arjun.singh LAB=lab202 HOME=/home/arjun.singh
2026-08-16 00:09:53 USER=saba.akhtar LAB=lab201 HOME=/home/saba.akhtar
2026-08-16 00:15:31 USER=saba.akhtar LAB=lab201 HOME=/home/saba.akhtar
2026-08-16 00:21:01 USER=saim LAB=lab207 HOME=/home/saim
2026-08-16 00:22:26 USER=saba.akhtar LAB=lab201 HOME=/home/saba.akhtar
2026-08-16 00:23:53 USER=saba.akhtar LAB=lab201 HOME=/home/saba.akhtar
2026-08-16 00:24:49 USER=saim LAB=lab207 HOME=/home/saim
2026-08-16 00:26:59 USER=arjun.singh LAB=lab201 HOME=/home/arjun.singh
2026-08-16 00:27:09 USER=lubna.nazir LAB=lab206 HOME=/home/lubna.nazir
2026-08-16 00:28:25 USER=arjun.singh LAB=lab201 HOME=/home/arjun.singh
2026-08-16 00:29:56 USER=arjun.singh LAB=lab201 HOME=/home/arjun.singh
2026-08-16 00:30:34 USER=arjun.singh LAB=lab201 HOME=/home/arjun.singh
2026-08-16 00:31:24 USER=arjun.singh LAB=lab201 HOME=/home/arjun.singh
2026-08-16 00:32:05 USER=saim LAB=lab207 HOME=/home/saim
2026-08-16 00:32:21 USER=arjun.singh LAB=lab201 HOME=/home/arjun.singh
2026-08-16 00:36:48 USER=saim LAB=lab207 HOME=/home/saim
2026-08-16 00:36:51 USER=awais.sattar LAB=lab205 HOME=/home/awais.sattar
2026-08-16 00:37:57 USER=muneeb.ayub LAB=lab206 HOME=/home/muneeb.ayub
2026-08-16 00:39:01 USER=muneeb.ayub LAB=lab205 HOME=/home/muneeb.ayub
2026-08-16 00:39:38 USER=muneeb.ayub LAB=lab204 HOME=/home/muneeb.ayub
2026-08-16 00:40:04 USER=saim LAB=lab207 HOME=/home/saim
2026-08-16 00:42:04 USER=saba.akhtar LAB=lab201 HOME=/home/saba.akhtar
2026-08-16 00:46:04 USER=muneeb.ayub LAB=lab207 HOME=/home/muneeb.ayub
2026-08-16 00:56:56 USER=muneeb.ayub LAB=lab207 HOME=/home/muneeb.ayub
2026-08-16 01:00:22 USER=muneeb.ayub LAB=lab207 HOME=/home/muneeb.ayub
2026-08-16 01:01:40 USER=arjun.singh LAB=lab207 HOME=/home/arjun.singh
2026-08-16 01:01:41 USER=muneeb.ayub LAB=lab207 HOME=/home/muneeb.ayub
2026-08-16 01:02:02 USER=nimat.ullah LAB=lab204 HOME=/home/nimat.ullah
2026-08-16 01:04:00 USER=muneeb.ayub LAB=lab207 HOME=/home/muneeb.ayub
2026-08-16 01:04:09 USER=arjun.singh LAB=lab207 HOME=/home/arjun.singh
2026-08-16 01:05:48 USER=muneeb.ayub LAB=lab207 HOME=/home/muneeb.ayub
2026-08-16 01:10:09 USER=muneeb.ayub LAB=lab207 HOME=/home/muneeb.ayub
2026-08-16 01:11:15 USER=arjun.singh LAB=lab207 HOME=/home/arjun.singh
2026-08-16 01:11:50 USER=muneeb.ayub LAB=lab207 HOME=/home/muneeb.ayub
2026-08-16 01:12:49 USER=ayesha.abdullah LAB=lab205 HOME=/home/ayesha.abdullah
2026-08-16 01:13:12 USER=arjun.singh LAB=lab207 HOME=/home/arjun.singh
2026-08-16 01:14:30 USER=sana.abbasi LAB=lab202 HOME=/home/sana.abbasi
2026-08-16 01:14:41 USER=sana.abbasi LAB=lab203 HOME=/home/sana.abbasi
2026-08-16 01:14:49 USER=muneeb.ayub LAB=lab207 HOME=/home/muneeb.ayub
2026-08-16 01:15:15 USER=sana.abbasi LAB=lab203 HOME=/home/sana.abbasi
2026-08-16 01:16:20 USER=sana.abbasi LAB=lab203 HOME=/home/sana.abbasi
2026-08-16 01:17:15 USER=rupinder.kaur LAB=lab207 HOME=/home/rupinder.kaur
2026-08-16 01:23:45 USER=sana.abbasi LAB=lab203 HOME=/home/sana.abbasi
2026-08-16 01:25:52 USER=sana.abbasi LAB=lab203 HOME=/home/sana.abbasi
2026-08-16 01:29:11 USER=rupinder.kaur LAB=lab207 HOME=/home/rupinder.kaur
2026-08-16 01:32:10 USER=muneeb.ayub LAB=lab204 HOME=/home/muneeb.ayub
2026-08-16 01:32:34 USER=muneeb.ayub LAB=lab203 HOME=/home/muneeb.ayub
2026-08-16 01:34:36 USER=ayesha.abdullah LAB=lab207 HOME=/home/ayesha.abdullah
2026-08-16 01:38:38 USER=awais.ahmed LAB=lab203 HOME=/home/awais.ahmed
2026-08-16 01:43:11 USER=babar.temoor LAB=lab207 HOME=/home/babar.temoor
2026-08-16 01:43:41 USER=kinza.afzal LAB=lab203 HOME=/home/kinza.afzal
2026-08-16 01:46:08 USER=awais.ahmed LAB=lab203 HOME=/home/awais.ahmed
2026-08-16 01:47:34 USER=sadia.rafiq LAB=lab203 HOME=/home/sadia.rafiq
2026-08-16 01:50:31 USER=awais.ahmed LAB=lab203 HOME=/home/awais.ahmed
2026-08-16 01:57:44 USER=sana.abbasi LAB=lab203 HOME=/home/sana.abbasi
2026-08-16 01:58:48 USER=sana.abbasi LAB=lab201 HOME=/home/sana.abbasi
2026-08-16 02:02:27 USER=nimat.ullah LAB=lab207 HOME=/home/nimat.ullah
2026-08-16 02:11:56 USER=suliman.ashraf LAB=lab207 HOME=/home/suliman.ashraf
2026-08-16 02:16:06 USER=syed.ali LAB=lab203 HOME=/home/syed.ali
2026-08-16 02:24:13 USER=syed.ali LAB=lab203 HOME=/home/syed.ali
2026-08-16 02:40:19 USER=saba.nawaz LAB=lab207 HOME=/home/saba.nawaz
2026-08-16 02:45:03 USER=hasnat.kamal LAB=lab207 HOME=/home/hasnat.kamal
2026-08-16 02:49:52 USER=saeed.anwar LAB=lab207 HOME=/home/saeed.anwar
2026-08-16 02:55:51 USER=awais.ahmed LAB=lab204 HOME=/home/awais.ahmed
2026-08-16 02:59:19 USER=awais.ahmed LAB=lab204 HOME=/home/awais.ahmed
2026-08-16 03:05:35 USER=sameer.awais LAB=lab207 HOME=/home/sameer.awais
2026-08-16 03:09:18 USER=sameer.awais LAB=lab207 HOME=/home/sameer.awais
2026-08-16 03:12:56 USER=sameer.awais LAB=lab207 HOME=/home/sameer.awais
2026-08-16 03:17:44 USER=sameer.awais LAB=lab207 HOME=/home/sameer.awais
2026-08-16 03:17:55 USER=sana.abbasi LAB=lab202 HOME=/home/sana.abbasi
2026-08-16 03:20:12 USER=sameer.awais LAB=lab207 HOME=/home/sameer.awais
2026-08-16 03:20:19 USER=sameer.awais LAB=lab207 HOME=/home/sameer.awais
2026-08-16 03:53:32 USER=asfiya.umair LAB=lab201 HOME=/home/asfiya.umair
2026-08-16 03:57:22 USER=asfiya.umair LAB=lab201 HOME=/home/asfiya.umair
2026-08-16 03:57:58 USER=asfiya.umair LAB=lab201 HOME=/home/asfiya.umair
2026-08-16 03:59:51 USER=asfiya.umair LAB=lab201 HOME=/home/asfiya.umair
2026-08-16 04:01:56 USER=asfiya.umair LAB=lab201 HOME=/home/asfiya.umair
2026-08-16 04:03:21 USER=asfiya.umair LAB=lab201 HOME=/home/asfiya.umair
2026-08-16 04:05:27 USER=asfiya.umair LAB=lab201 HOME=/home/asfiya.umair
2026-08-16 04:06:44 USER=asfiya.umair LAB=lab201 HOME=/home/asfiya.umair
2026-08-16 04:07:39 USER=asfiya.umair LAB=lab201 HOME=/home/asfiya.umair
2026-08-16 04:09:57 USER=asfiya.umair LAB=lab201 HOME=/home/asfiya.umair
2026-08-16 04:11:22 USER=asfiya.umair LAB=lab201 HOME=/home/asfiya.umair
2026-08-16 04:15:44 USER=rikza.ali LAB=lab207 HOME=/home/rikza.ali
2026-08-16 04:17:03 USER=asfiya.umair LAB=lab201 HOME=/home/asfiya.umair
2026-08-16 04:19:47 USER=asfiya.umair LAB=lab201 HOME=/home/asfiya.umair
2026-08-16 04:21:38 USER=asfiya.umair LAB=lab201 HOME=/home/asfiya.umair
2026-08-16 04:24:17 USER=umaira.zaib LAB=lab202 HOME=/home/umaira.zaib
2026-08-16 04:26:26 USER=asfiya.umair LAB=lab201 HOME=/home/asfiya.umair
2026-08-16 04:34:57 USER=asfiya.umair LAB=lab201 HOME=/home/asfiya.umair
2026-08-16 04:45:53 USER=awais.sattar LAB=lab206 HOME=/home/awais.sattar
2026-08-16 04:46:21 USER=zunaira.akhtar LAB=lab202 HOME=/home/zunaira.akhtar
2026-08-16 04:50:39 USER=zunaira.akhtar LAB=lab202 HOME=/home/zunaira.akhtar
2026-08-16 04:51:02 USER=sana.abbasi LAB=lab202 HOME=/home/sana.abbasi
2026-08-16 04:54:49 USER=rabia.tariq LAB=lab201 HOME=/home/rabia.tariq
2026-08-16 05:38:52 USER=awais.sattar LAB=lab207 HOME=/home/awais.sattar
2026-08-16 05:46:03 USER=ali.raza LAB=lab206 HOME=/home/ali.raza
2026-08-16 05:48:09 USER=ali.raza LAB=lab206 HOME=/home/ali.raza
2026-08-16 05:50:25 USER=ali.raza LAB=lab206 HOME=/home/ali.raza
2026-08-16 05:52:46 USER=ali.raza LAB=lab206 HOME=/home/ali.raza
2026-08-16 05:54:06 USER=ali.raza LAB=lab206 HOME=/home/ali.raza
2026-08-16 06:21:53 USER=aqsa.mian LAB=lab207 HOME=/home/aqsa.mian
2026-08-16 06:22:17 USER=aqsa.mian LAB=lab207 HOME=/home/aqsa.mian
2026-08-16 06:33:11 USER=talha.zubair LAB=lab207 HOME=/home/talha.zubair
2026-08-16 06:34:32 USER=talha.zubair LAB=lab207 HOME=/home/talha.zubair
2026-08-16 08:10:36 USER=ayesha.aslam LAB=lab207 HOME=/home/ayesha.aslam
2026-08-16 08:18:32 USER=ayesha.aslam LAB=lab207 HOME=/home/ayesha.aslam
2026-08-16 08:20:47 USER=adeel.khan LAB=lab203 HOME=/home/adeel.khan
2026-08-16 08:26:23 USER=adeel.khan LAB=lab203 HOME=/home/adeel.khan
2026-08-16 08:30:06 USER=muhammad.khan LAB=lab201 HOME=/home/muhammad.khan
2026-08-16 08:50:45 USER=muhammad.khan LAB=lab201 HOME=/home/muhammad.khan
2026-08-16 09:00:19 USER=muhammad.khan LAB=lab207 HOME=/home/muhammad.khan
2026-08-16 09:03:23 USER=muhammad.khan LAB=lab204 HOME=/home/muhammad.khan
2026-08-16 09:03:38 USER=muhammad.khan LAB=lab205 HOME=/home/muhammad.khan
2026-08-16 09:04:03 USER=muhammad.khan LAB=lab206 HOME=/home/muhammad.khan
2026-08-16 09:04:19 USER=muhammad.khan LAB=lab201 HOME=/home/muhammad.khan
2026-08-16 09:07:53 USER=ayesha.aslam LAB=lab201 HOME=/home/ayesha.aslam
2026-08-16 09:41:25 USER=ayesha.aslam LAB=lab201 HOME=/home/ayesha.aslam
2026-08-16 11:53:25 USER=saim LAB=lab208 HOME=/home/saim
2026-08-16 12:03:17 USER=ali.raza LAB=lab207 HOME=/home/ali.raza
2026-08-16 12:10:43 USER=ayesha.abdullah LAB=lab207 HOME=/home/ayesha.abdullah
2026-08-16 12:17:35 USER=saim LAB=lab208 HOME=/home/saim
2026-08-16 12:43:46 USER=ayesha.abdullah LAB=lab202 HOME=/home/ayesha.abdullah
2026-08-16 12:54:37 USER=saim LAB=lab208 HOME=/home/saim
2026-08-16 12:58:31 USER=ali.raza LAB=lab208 HOME=/home/ali.raza
2026-08-16 13:01:20 USER=saim LAB=lab208 HOME=/home/saim
2026-08-16 13:03:05 USER=saim LAB=lab208 HOME=/home/saim
2026-08-16 13:05:16 USER=waleed.javed LAB=lab207 HOME=/home/waleed.javed
2026-08-16 13:07:21 USER=waleed.javed LAB=lab207 HOME=/home/waleed.javed
2026-08-16 13:07:32 USER=saim LAB=lab208 HOME=/home/saim
2026-08-16 14:12:07 USER=muhammad.bilal LAB=lab207 HOME=/home/muhammad.bilal
2026-08-16 14:52:09 USER=khawar.abbas LAB=lab207 HOME=/home/khawar.abbas
2026-08-16 14:52:44 USER=khawar.abbas LAB=lab201 HOME=/home/khawar.abbas
2026-08-16 14:53:01 USER=asfiya.umair LAB=lab207 HOME=/home/asfiya.umair
2026-08-16 14:53:08 USER=khawar.abbas LAB=lab202 HOME=/home/khawar.abbas
2026-08-16 14:53:40 USER=khawar.abbas LAB=lab203 HOME=/home/khawar.abbas
2026-08-16 14:53:55 USER=khawar.abbas LAB=lab204 HOME=/home/khawar.abbas
2026-08-16 14:54:42 USER=khawar.abbas LAB=lab205 HOME=/home/khawar.abbas
2026-08-16 14:55:01 USER=khawar.abbas LAB=lab206 HOME=/home/khawar.abbas
2026-08-16 14:55:33 USER=khawar.abbas LAB=lab205 HOME=/home/khawar.abbas
2026-08-16 15:21:48 USER=zara.khan LAB=lab207 HOME=/home/zara.khan
2026-08-16 15:23:55 USER=zara.khan LAB=lab207 HOME=/home/zara.khan
2026-08-16 15:24:36 USER=muhammad.shoaib LAB=lab207 HOME=/home/muhammad.shoaib
2026-08-16 15:34:00 USER=khawar.abbas LAB=lab205 HOME=/home/khawar.abbas
2026-08-16 15:41:42 USER=shoaib.javid LAB=lab207 HOME=/home/shoaib.javid
2026-08-16 15:43:57 USER=waqar.shah LAB=lab207 HOME=/home/waqar.shah
2026-08-16 15:44:07 USER=shoaib.javid LAB=lab207 HOME=/home/shoaib.javid
2026-08-16 15:46:26 USER=zara.khan LAB=lab207 HOME=/home/zara.khan
2026-08-16 15:48:59 USER=muhammad.jahanzaib LAB=lab201 HOME=/home/muhammad.jahanzaib
2026-08-16 15:51:12 USER=muhammad.jahanzaib LAB=lab101 HOME=/home/muhammad.jahanzaib
2026-08-16 16:05:08 USER=danial.ahmed LAB=lab201 HOME=/home/danial.ahmed
2026-08-16 17:03:11 USER=mohammad.muneeb LAB=lab207 HOME=/home/mohammad.muneeb
2026-08-16 17:16:48 USER=mohsin.mahmood LAB=lab201 HOME=/home/mohsin.mahmood
2026-08-16 17:33:24 USER=gurmat.kaur LAB=lab202 HOME=/home/gurmat.kaur
2026-08-16 18:02:14 USER=waqar.zahoor LAB=lab207 HOME=/home/waqar.zahoor
2026-08-16 18:02:44 USER=waqar.zahoor LAB=lab207 HOME=/home/waqar.zahoor
2026-08-16 18:11:07 USER=gurmat.kaur LAB=lab203 HOME=/home/gurmat.kaur
2026-08-16 18:13:27 USER=waqar.zahoor LAB=lab207 HOME=/home/waqar.zahoor
2026-08-16 18:36:34 USER=waqar.zahoor LAB=lab207 HOME=/home/waqar.zahoor
2026-08-16 18:36:45 USER=waqar.zahoor LAB=lab207 HOME=/home/waqar.zahoor
2026-08-16 18:39:52 USER=danyal.khan LAB=lab207 HOME=/home/danyal.khan
2026-08-16 18:46:27 USER=gurmat.kaur LAB=lab204 HOME=/home/gurmat.kaur
2026-08-16 18:47:32 USER=saim LAB=lab209 HOME=/home/saim
2026-08-16 18:48:26 USER=saim LAB=lab209 HOME=/home/saim
2026-08-16 19:07:48 USER=saim LAB=lab209 HOME=/home/saim
2026-08-16 19:12:30 USER=saim LAB=lab209 HOME=/home/saim
2026-08-16 19:41:58 USER=saim LAB=lab206 HOME=/home/saim
2026-08-16 19:42:22 USER=saim LAB=lab209 HOME=/home/saim
2026-08-16 19:42:59 USER=saim LAB=lab209 HOME=/home/saim
2026-08-16 19:44:02 USER=saim LAB=lab209 HOME=/home/saim
2026-08-16 20:05:12 USER=waqar.zahoor LAB=lab209 HOME=/home/waqar.zahoor
2026-08-16 20:19:22 USER=muhammad.annam LAB=lab207 HOME=/home/muhammad.annam
2026-08-16 20:21:18 USER=muhammad.annam LAB=lab207 HOME=/home/muhammad.annam
2026-08-16 20:23:48 USER=muhammad.annam LAB=lab207 HOME=/home/muhammad.annam
2026-08-16 20:24:44 USER=muhammad.annam LAB=lab207 HOME=/home/muhammad.annam
2026-08-16 20:25:59 USER=muneeb.ayub LAB=lab209 HOME=/home/muneeb.ayub
2026-08-16 20:26:04 USER=muhammad.annam LAB=lab207 HOME=/home/muhammad.annam
2026-08-16 20:28:35 USER=muneeb.ayub LAB=lab209 HOME=/home/muneeb.ayub
2026-08-16 20:32:39 USER=muhammad.annam LAB=lab207 HOME=/home/muhammad.annam
2026-08-16 20:33:48 USER=muhammad.annam LAB=lab207 HOME=/home/muhammad.annam
2026-08-16 20:34:50 USER=muhammad.annam LAB=lab207 HOME=/home/muhammad.annam
2026-08-16 20:38:25 USER=muneeb.ayub LAB=lab209 HOME=/home/muneeb.ayub
2026-08-16 20:38:52 USER=muhammad.annam LAB=lab207 HOME=/home/muhammad.annam
2026-08-16 20:43:31 USER=muneeb.ayub LAB=lab209 HOME=/home/muneeb.ayub
2026-08-16 20:48:52 USER=muhammad.annam LAB=lab208 HOME=/home/muhammad.annam
2026-08-16 20:53:42 USER=muhammad.annam LAB=lab208 HOME=/home/muhammad.annam
2026-08-16 20:56:46 USER=muhammad.annam LAB=lab208 HOME=/home/muhammad.annam
2026-08-16 20:56:55 USER=saim LAB=lab209 HOME=/home/saim
2026-08-16 20:57:34 USER=saim LAB=lab209 HOME=/home/saim
2026-08-16 21:09:42 USER=muneeb.ayub LAB=lab209 HOME=/home/muneeb.ayub
2026-08-16 21:10:53 USER=saim LAB=lab209 HOME=/home/saim
2026-08-16 21:20:43 USER=saim LAB=lab209 HOME=/home/saim
2026-08-16 21:23:04 USER=muneeb.ayub LAB=lab209 HOME=/home/muneeb.ayub
2026-08-16 21:29:54 USER=saim LAB=lab209 HOME=/home/saim
2026-08-16 21:30:25 USER=saim LAB=lab209 HOME=/home/saim
2026-08-16 21:34:01 USER=waqar.zahoor LAB=lab208 HOME=/home/waqar.zahoor
2026-08-16 21:36:23 USER=waqar.zahoor LAB=lab208 HOME=/home/waqar.zahoor
2026-08-16 21:37:21 USER=saim LAB=lab209 HOME=/home/saim
2026-08-16 21:40:09 USER=saim LAB=lab209 HOME=/home/saim
2026-08-16 21:53:17 USER=saim LAB=lab209 HOME=/home/saim
2026-08-16 22:10:12 USER=muhammad.annam LAB=lab208 HOME=/home/muhammad.annam
2026-08-16 22:11:17 USER=kamaljeet.kaur LAB=lab201 HOME=/home/kamaljeet.kaur
2026-08-16 22:17:13 USER=saim LAB=lab209 HOME=/home/saim
2026-08-16 22:24:10 USER=kamaljeet.kaur LAB=lab201 HOME=/home/kamaljeet.kaur
2026-08-16 22:27:01 USER=muhammad.annam LAB=lab208 HOME=/home/muhammad.annam
2026-08-16 22:30:38 USER=abdulrahman.alshehri LAB=lab209 HOME=/home/abdulrahman.alshehri
2026-08-16 22:34:10 USER=muhammad.annam LAB=lab208 HOME=/home/muhammad.annam
2026-08-16 22:36:21 USER=abdulrahman.alshehri LAB=lab207 HOME=/home/abdulrahman.alshehri
2026-08-16 22:39:51 USER=muhammad.annam LAB=lab208 HOME=/home/muhammad.annam
2026-08-16 22:39:57 USER=david.salame LAB=lab207 HOME=/home/david.salame
2026-08-16 22:40:19 USER=saim LAB=lab209 HOME=/home/saim
2026-08-16 22:41:21 USER=amandar.qanoongo LAB=lab207 HOME=/home/amandar.qanoongo
2026-08-16 22:41:52 USER=amandar.qanoongo LAB=lab207 HOME=/home/amandar.qanoongo
2026-08-16 22:44:15 USER=david.salame LAB=lab207 HOME=/home/david.salame
2026-08-16 22:46:07 USER=babar.temoor LAB=lab209 HOME=/home/babar.temoor
2026-08-16 22:47:57 USER=muhammad.annam LAB=lab208 HOME=/home/muhammad.annam
2026-08-16 22:48:46 USER=babar.temoor LAB=lab209 HOME=/home/babar.temoor
2026-08-16 22:50:17 USER=jenny.salman LAB=lab207 HOME=/home/jenny.salman
2026-08-16 22:52:15 USER=jenny.salman LAB=lab207 HOME=/home/jenny.salman
2026-08-16 22:54:22 USER=muhammad.khan LAB=lab202 HOME=/home/muhammad.khan
2026-08-16 22:55:38 USER=sajjad.shafiq LAB=lab201 HOME=/home/sajjad.shafiq
2026-08-16 22:56:40 USER=mohammad.muneeb LAB=lab204 HOME=/home/mohammad.muneeb
2026-08-16 22:56:48 USER=mohammad.muneeb LAB=lab203 HOME=/home/mohammad.muneeb
2026-08-16 22:56:55 USER=saim LAB=lab209 HOME=/home/saim
2026-08-16 22:57:37 USER=mohammad.muneeb LAB=lab204 HOME=/home/mohammad.muneeb
2026-08-16 22:58:31 USER=mohammad.muneeb LAB=lab204 HOME=/home/mohammad.muneeb
2026-08-16 22:58:54 USER=sajjad.shafiq LAB=lab201 HOME=/home/sajjad.shafiq
2026-08-16 22:58:57 USER=abdulrahman.alshehri LAB=lab207 HOME=/home/abdulrahman.alshehri
2026-08-16 22:59:37 USER=mohammad.muneeb LAB=lab204 HOME=/home/mohammad.muneeb
2026-08-16 23:01:54 USER=mohammad.muneeb LAB=lab204 HOME=/home/mohammad.muneeb
2026-08-16 23:02:39 USER=mohammad.muneeb LAB=lab204 HOME=/home/mohammad.muneeb
2026-08-16 23:02:43 USER=abdulrahman.alshehri LAB=lab207 HOME=/home/abdulrahman.alshehri
2026-08-16 23:05:44 USER=mohammad.muneeb LAB=lab204 HOME=/home/mohammad.muneeb
2026-08-16 23:05:54 USER=babar.temoor LAB=lab209 HOME=/home/babar.temoor
2026-08-16 23:10:00 USER=mohammad.muneeb LAB=lab204 HOME=/home/mohammad.muneeb
2026-08-16 23:10:29 USER=muhammad.khan LAB=lab202 HOME=/home/muhammad.khan
2026-08-16 23:11:23 USER=mohammad.muneeb LAB=lab204 HOME=/home/mohammad.muneeb
2026-08-16 23:11:33 USER=mohammad.muneeb LAB=lab205 HOME=/home/mohammad.muneeb
2026-08-16 23:11:35 USER=jenny.salman LAB=lab207 HOME=/home/jenny.salman
2026-08-16 23:11:41 USER=abdulrahman.alshehri LAB=lab208 HOME=/home/abdulrahman.alshehri
2026-08-16 23:11:46 USER=mohammad.muneeb LAB=lab206 HOME=/home/mohammad.muneeb
2026-08-16 23:11:49 USER=sajjad.shafiq LAB=lab201 HOME=/home/sajjad.shafiq
2026-08-16 23:11:58 USER=mohammad.muneeb LAB=lab206 HOME=/home/mohammad.muneeb
2026-08-16 23:13:02 USER=mohammad.muneeb LAB=lab207 HOME=/home/mohammad.muneeb
2026-08-16 23:13:11 USER=mohammad.muneeb LAB=lab206 HOME=/home/mohammad.muneeb
2026-08-16 23:16:52 USER=amandar.qanoongo LAB=lab208 HOME=/home/amandar.qanoongo
2026-08-16 23:17:28 USER=mohammad.muneeb LAB=lab207 HOME=/home/mohammad.muneeb
2026-08-16 23:19:14 USER=mohammad.muneeb LAB=lab207 HOME=/home/mohammad.muneeb
2026-08-16 23:20:01 USER=saim LAB=lab209 HOME=/home/saim
2026-08-16 23:20:01 COMMAND='/usr/bin/sudo' '-n' '-u' 'saim' '/usr/bin/bash' '/var/www/private_data/lab/validate_lab.sh' 'saim' 'lab209' 2>&1
2026-08-16 23:21:49 USER=saeed.anwar LAB=lab209 HOME=/home/saeed.anwar
2026-08-16 23:21:49 COMMAND='/usr/bin/sudo' '-n' '-u' 'saeed.anwar' '/usr/bin/bash' '/var/www/private_data/lab/validate_lab.sh' 'saeed.anwar' 'lab209' 2>&1
2026-08-16 23:22:44 USER=mohammad.muneeb LAB=lab207 HOME=/home/mohammad.muneeb
2026-08-16 23:22:44 COMMAND='/usr/bin/sudo' '-n' '-u' 'mohammad.muneeb' '/usr/bin/bash' '/var/www/private_data/lab/validate_lab.sh' 'mohammad.muneeb' 'lab207' 2>&1
2026-08-16 23:23:35 USER=abdulrahman.alshehri LAB=lab208 HOME=/home/abdulrahman.alshehri
2026-08-16 23:23:35 COMMAND='/usr/bin/sudo' '-n' '-u' 'abdulrahman.alshehri' '/usr/bin/bash' '/var/www/private_data/lab/validate_lab.sh' 'abdulrahman.alshehri' 'lab208' 2>&1
2026-08-16 23:23:49 USER=abdulrahman.alshehri LAB=lab207 HOME=/home/abdulrahman.alshehri
2026-08-16 23:23:49 COMMAND='/usr/bin/sudo' '-n' '-u' 'abdulrahman.alshehri' '/usr/bin/bash' '/var/www/private_data/lab/validate_lab.sh' 'abdulrahman.alshehri' 'lab207' 2>&1
2026-08-16 23:24:59 USER=mohammad.muneeb LAB=lab208 HOME=/home/mohammad.muneeb
2026-08-16 23:24:59 COMMAND='/usr/bin/sudo' '-n' '-u' 'mohammad.muneeb' '/usr/bin/bash' '/var/www/private_data/lab/validate_lab.sh' 'mohammad.muneeb' 'lab208' 2>&1
2026-08-16 23:26:30 USER=saim LAB=lab209 HOME=/home/saim
2026-08-16 23:26:30 COMMAND='/usr/bin/sudo' '-n' '-u' 'saim' '/usr/bin/bash' '/var/www/private_data/lab/validate_lab.sh' 'saim' 'lab209' 2>&1
2026-08-16 23:27:26 USER=mohammad.muneeb LAB=lab208 HOME=/home/mohammad.muneeb
2026-08-16 23:27:26 COMMAND='/usr/bin/sudo' '-n' '-u' 'mohammad.muneeb' '/usr/bin/bash' '/var/www/private_data/lab/validate_lab.sh' 'mohammad.muneeb' 'lab208' 2>&1
2026-08-16 23:27:45 USER=saeed.anwar LAB=lab209 HOME=/home/saeed.anwar
2026-08-16 23:27:45 COMMAND='/usr/bin/sudo' '-n' '-u' 'saeed.anwar' '/usr/bin/bash' '/var/www/private_data/lab/validate_lab.sh' 'saeed.anwar' 'lab209' 2>&1
2026-08-16 23:30:58 USER=saeed.anwar LAB=lab209 HOME=/home/saeed.anwar
2026-08-16 23:31:02 USER=muhammad.jahanzaib LAB=lab202 HOME=/home/muhammad.jahanzaib
2026-08-16 23:31:41 USER=jenny.salman LAB=lab208 HOME=/home/jenny.salman
2026-08-16 23:32:59 USER=mohammad.muneeb LAB=lab208 HOME=/home/mohammad.muneeb
2026-08-16 23:33:13 USER=saim LAB=lab209 HOME=/home/saim
2026-08-16 23:34:58 USER=mohammad.muneeb LAB=lab208 HOME=/home/mohammad.muneeb
2026-08-16 23:37:40 USER=jenny.salman LAB=lab208 HOME=/home/jenny.salman
2026-08-16 23:38:05 USER=mohammad.muneeb LAB=lab208 HOME=/home/mohammad.muneeb
2026-08-16 23:38:18 USER=sadia.rafiq LAB=lab202 HOME=/home/sadia.rafiq
2026-08-16 23:39:22 USER=muhammad.jahanzaib LAB=lab202 HOME=/home/muhammad.jahanzaib
2026-08-16 23:39:40 USER=saeed.anwar LAB=lab209 HOME=/home/saeed.anwar
2026-08-16 23:39:44 USER=mohammad.muneeb LAB=lab208 HOME=/home/mohammad.muneeb
2026-08-16 23:41:31 USER=sajjad.shafiq LAB=lab201 HOME=/home/sajjad.shafiq
2026-08-16 23:41:55 USER=jenny.salman LAB=lab208 HOME=/home/jenny.salman
2026-08-16 23:41:58 USER=sajjad.shafiq LAB=lab201 HOME=/home/sajjad.shafiq
2026-08-16 23:42:07 USER=sajjad.shafiq LAB=lab202 HOME=/home/sajjad.shafiq
2026-08-16 23:42:59 USER=abdulrahman.alshehri LAB=lab208 HOME=/home/abdulrahman.alshehri
2026-08-16 23:43:36 USER=david.salame LAB=lab208 HOME=/home/david.salame
2026-08-16 23:43:56 USER=mohammad.muneeb LAB=lab208 HOME=/home/mohammad.muneeb
2026-08-16 23:45:19 USER=david.salame LAB=lab208 HOME=/home/david.salame
2026-08-16 23:45:27 USER=jenny.salman LAB=lab208 HOME=/home/jenny.salman
2026-08-16 23:47:43 USER=sadia.rafiq LAB=lab202 HOME=/home/sadia.rafiq
2026-08-16 23:49:04 USER=mohammad.muneeb LAB=lab209 HOME=/home/mohammad.muneeb
2026-08-16 23:49:22 USER=mohammad.muneeb LAB=lab209 HOME=/home/mohammad.muneeb
2026-08-16 23:51:12 USER=sadia.rafiq LAB=lab202 HOME=/home/sadia.rafiq
2026-08-16 23:51:30 USER=saim LAB=lab209 HOME=/home/saim
2026-08-16 23:51:51 USER=saeed.anwar LAB=lab209 HOME=/home/saeed.anwar
2026-08-16 23:54:20 USER=saeed.anwar LAB=lab209 HOME=/home/saeed.anwar
2026-08-16 23:59:06 USER=saim LAB=lab209 HOME=/home/saim
2026-08-16 23:59:12 USER=saeed.anwar LAB=lab209 HOME=/home/saeed.anwar
2026-08-16 23:59:25 USER=saeed.anwar LAB=lab209 HOME=/home/saeed.anwar
2026-08-17 00:00:47 USER=saim LAB=lab209 HOME=/home/saim
2026-08-17 00:02:10 USER=saeed.anwar LAB=lab209 HOME=/home/saeed.anwar
2026-08-17 00:03:38 USER=amandar.qanoongo LAB=lab208 HOME=/home/amandar.qanoongo
2026-08-17 00:03:56 USER=saeed.anwar LAB=lab209 HOME=/home/saeed.anwar
2026-08-17 00:04:30 USER=david.salame LAB=lab208 HOME=/home/david.salame
2026-08-17 00:05:07 USER=abdulrahman.alshehri LAB=lab208 HOME=/home/abdulrahman.alshehri
2026-08-17 00:05:25 USER=jenny.salman LAB=lab208 HOME=/home/jenny.salman
2026-08-17 00:05:38 USER=awais.ahmed LAB=lab205 HOME=/home/awais.ahmed
2026-08-17 00:05:52 USER=saim LAB=lab209 HOME=/home/saim
2026-08-17 00:05:55 USER=mohammad.muneeb LAB=lab208 HOME=/home/mohammad.muneeb
2026-08-17 00:06:04 USER=david.salame LAB=lab208 HOME=/home/david.salame
2026-08-17 00:06:05 USER=amandar.qanoongo LAB=lab209 HOME=/home/amandar.qanoongo
2026-08-17 00:06:08 USER=jenny.salman LAB=lab208 HOME=/home/jenny.salman
2026-08-17 00:07:20 USER=amandar.qanoongo LAB=lab208 HOME=/home/amandar.qanoongo
2026-08-17 00:07:45 USER=saeed.anwar LAB=lab209 HOME=/home/saeed.anwar
2026-08-17 00:09:13 USER=amandar.qanoongo LAB=lab208 HOME=/home/amandar.qanoongo
2026-08-17 00:09:17 USER=saim LAB=lab209 HOME=/home/saim
2026-08-17 00:09:58 USER=anum.nasim LAB=lab207 HOME=/home/anum.nasim
2026-08-17 00:10:23 USER=sajjad.shafiq LAB=lab202 HOME=/home/sajjad.shafiq
2026-08-17 00:11:16 USER=amandar.qanoongo LAB=lab208 HOME=/home/amandar.qanoongo
2026-08-17 00:13:56 USER=amandar.qanoongo LAB=lab208 HOME=/home/amandar.qanoongo
2026-08-17 00:14:03 USER=fakhr.rabbani LAB=lab207 HOME=/home/fakhr.rabbani
2026-08-17 00:16:01 USER=saim LAB=lab209 HOME=/home/saim
2026-08-17 00:17:15 USER=amandar.qanoongo LAB=lab208 HOME=/home/amandar.qanoongo
2026-08-17 00:18:11 USER=saim LAB=lab209 HOME=/home/saim
2026-08-17 00:19:22 USER=sadia.rafiq LAB=lab203 HOME=/home/sadia.rafiq
2026-08-17 00:20:48 USER=saffi.ullah LAB=lab203 HOME=/home/saffi.ullah
2026-08-17 00:21:09 USER=abdulrahman.alshehri LAB=lab208 HOME=/home/abdulrahman.alshehri
2026-08-17 00:21:20 USER=amandar.qanoongo LAB=lab208 HOME=/home/amandar.qanoongo
2026-08-17 00:21:32 USER=saim LAB=lab209 HOME=/home/saim
2026-08-17 00:22:51 USER=saim LAB=lab209 HOME=/home/saim
2026-08-17 00:23:25 USER=sadia.rafiq LAB=lab203 HOME=/home/sadia.rafiq
2026-08-17 00:23:46 USER=abdulrahman.alshehri LAB=lab208 HOME=/home/abdulrahman.alshehri
2026-08-17 00:25:16 USER=abdulrahman.alshehri LAB=lab208 HOME=/home/abdulrahman.alshehri
2026-08-17 00:26:45 USER=saim LAB=lab208 HOME=/home/saim
2026-08-17 00:28:06 USER=abdulrahman.alshehri LAB=lab208 HOME=/home/abdulrahman.alshehri
2026-08-17 00:29:02 USER=jenny.salman LAB=lab208 HOME=/home/jenny.salman
2026-08-17 00:29:15 USER=saeed.anwar LAB=lab209 HOME=/home/saeed.anwar
2026-08-17 00:30:17 USER=amandar.qanoongo LAB=lab207 HOME=/home/amandar.qanoongo
2026-08-17 00:31:52 USER=abdulrahman.alshehri LAB=lab208 HOME=/home/abdulrahman.alshehri
2026-08-17 00:36:08 USER=sadia.rafiq LAB=lab203 HOME=/home/sadia.rafiq
2026-08-17 00:39:08 USER=muhammad.khan LAB=lab208 HOME=/home/muhammad.khan
2026-08-17 00:49:14 USER=sajjad.shafiq LAB=lab202 HOME=/home/sajjad.shafiq
2026-08-17 00:49:24 USER=sajjad.shafiq LAB=lab201 HOME=/home/sajjad.shafiq
2026-08-17 00:49:31 USER=sajjad.shafiq LAB=lab202 HOME=/home/sajjad.shafiq
2026-08-17 00:49:52 USER=abdulrahman.alshehri LAB=lab209 HOME=/home/abdulrahman.alshehri
2026-08-17 00:50:24 USER=abdulrahman.alshehri LAB=lab208 HOME=/home/abdulrahman.alshehri
2026-08-17 00:51:17 USER=fakhr.rabbani LAB=lab208 HOME=/home/fakhr.rabbani
2026-08-17 00:52:30 USER=sajjad.shafiq LAB=lab203 HOME=/home/sajjad.shafiq
2026-08-17 00:53:12 USER=abdulrahman.alshehri LAB=lab208 HOME=/home/abdulrahman.alshehri
2026-08-17 00:53:20 USER=sajjad.shafiq LAB=lab203 HOME=/home/sajjad.shafiq
2026-08-17 00:59:19 USER=nabila.dass LAB=lab201 HOME=/home/nabila.dass
2026-08-17 00:59:48 USER=sajjad.shafiq LAB=lab203 HOME=/home/sajjad.shafiq
2026-08-17 00:59:58 USER=jenny.salman LAB=lab208 HOME=/home/jenny.salman
2026-08-17 01:00:28 USER=rabia.tariq LAB=lab201 HOME=/home/rabia.tariq
2026-08-17 01:01:30 USER=kinza.afzal LAB=lab201 HOME=/home/kinza.afzal
2026-08-17 01:02:04 USER=auroba.ahmad LAB=lab201 HOME=/home/auroba.ahmad
2026-08-17 01:03:43 USER=mohammad.muneeb LAB=lab208 HOME=/home/mohammad.muneeb
2026-08-17 01:04:41 USER=rabia.tariq LAB=lab201 HOME=/home/rabia.tariq
2026-08-17 01:04:45 USER=kinza.afzal LAB=lab201 HOME=/home/kinza.afzal
2026-08-17 01:07:39 USER=sajjad.shafiq LAB=lab203 HOME=/home/sajjad.shafiq
2026-08-17 01:08:03 USER=sajjad.shafiq LAB=lab203 HOME=/home/sajjad.shafiq
2026-08-17 01:08:09 USER=mohammad.muneeb LAB=lab208 HOME=/home/mohammad.muneeb
2026-08-17 01:08:10 USER=sajjad.shafiq LAB=lab204 HOME=/home/sajjad.shafiq
2026-08-17 01:08:46 USER=rabia.tariq LAB=lab201 HOME=/home/rabia.tariq
2026-08-17 01:10:00 USER=sajjad.shafiq LAB=lab204 HOME=/home/sajjad.shafiq
2026-08-17 01:13:33 USER=sana.abbasi LAB=lab203 HOME=/home/sana.abbasi
2026-08-17 01:14:03 USER=mohammad.muneeb LAB=lab208 HOME=/home/mohammad.muneeb
2026-08-17 01:14:20 USER=sana.abbasi LAB=lab202 HOME=/home/sana.abbasi
2026-08-17 01:14:59 USER=rabia.tariq LAB=lab201 HOME=/home/rabia.tariq
2026-08-17 01:18:29 USER=rabia.tariq LAB=lab201 HOME=/home/rabia.tariq
2026-08-17 01:20:02 USER=david.salame LAB=lab208 HOME=/home/david.salame
2026-08-17 01:20:36 USER=jenny.salman LAB=lab208 HOME=/home/jenny.salman
2026-08-17 01:21:13 USER=mohammad.muneeb LAB=lab208 HOME=/home/mohammad.muneeb
2026-08-17 01:21:29 USER=rabia.tariq LAB=lab201 HOME=/home/rabia.tariq
2026-08-17 01:23:06 USER=rabia.tariq LAB=lab201 HOME=/home/rabia.tariq
2026-08-17 01:23:16 USER=auroba.ahmad LAB=lab201 HOME=/home/auroba.ahmad
2026-08-17 01:24:15 USER=kinza.afzal LAB=lab202 HOME=/home/kinza.afzal
2026-08-17 01:28:09 USER=saba.akhtar LAB=lab202 HOME=/home/saba.akhtar
2026-08-17 01:28:44 USER=kinza.afzal LAB=lab203 HOME=/home/kinza.afzal
2026-08-17 01:32:36 USER=sajjad.shafiq LAB=lab204 HOME=/home/sajjad.shafiq
2026-08-17 01:35:03 USER=sajjad.shafiq LAB=lab204 HOME=/home/sajjad.shafiq
2026-08-17 01:36:17 USER=sana.abbasi LAB=lab203 HOME=/home/sana.abbasi
2026-08-17 01:36:32 USER=sajjad.shafiq LAB=lab204 HOME=/home/sajjad.shafiq
2026-08-17 01:36:57 USER=muhammad.annam LAB=lab208 HOME=/home/muhammad.annam
2026-08-17 01:37:48 USER=sajjad.shafiq LAB=lab204 HOME=/home/sajjad.shafiq
2026-08-17 01:39:31 USER=sajjad.shafiq LAB=lab204 HOME=/home/sajjad.shafiq
2026-08-17 01:40:32 USER=sana.abbasi LAB=lab203 HOME=/home/sana.abbasi
2026-08-17 01:42:47 USER=noor.fatima LAB=lab209 HOME=/home/noor.fatima
2026-08-17 01:43:11 USER=muneeb.ayub LAB=lab209 HOME=/home/muneeb.ayub
2026-08-17 01:43:56 USER=muneeb.ayub LAB=lab203 HOME=/home/muneeb.ayub
2026-08-17 01:45:25 USER=saeed.anwar LAB=lab209 HOME=/home/saeed.anwar
2026-08-17 01:47:10 USER=sajjad.shafiq LAB=lab204 HOME=/home/sajjad.shafiq
2026-08-17 01:48:17 USER=noor.fatima LAB=lab209 HOME=/home/noor.fatima
2026-08-17 01:48:29 USER=kinza.afzal LAB=lab203 HOME=/home/kinza.afzal
2026-08-17 01:48:55 USER=sajjad.shafiq LAB=lab204 HOME=/home/sajjad.shafiq
2026-08-17 01:49:34 USER=noor.fatima LAB=lab209 HOME=/home/noor.fatima
2026-08-17 01:49:53 USER=noor.fatima LAB=lab201 HOME=/home/noor.fatima
2026-08-17 01:50:31 USER=noor.fatima LAB=lab202 HOME=/home/noor.fatima
2026-08-17 01:51:00 USER=arjun.singh LAB=lab209 HOME=/home/arjun.singh
2026-08-17 01:51:19 USER=kinza.afzal LAB=lab203 HOME=/home/kinza.afzal
2026-08-17 01:51:25 USER=saeed.anwar LAB=lab209 HOME=/home/saeed.anwar
2026-08-17 01:51:47 USER=noor.fatima LAB=lab203 HOME=/home/noor.fatima
2026-08-17 01:51:56 USER=noor.fatima LAB=lab204 HOME=/home/noor.fatima
2026-08-17 01:52:32 USER=noor.fatima LAB=lab205 HOME=/home/noor.fatima
2026-08-17 01:54:01 USER=muhammad.annam LAB=lab208 HOME=/home/muhammad.annam
2026-08-17 01:55:24 USER=muhammad.khan LAB=lab208 HOME=/home/muhammad.khan
2026-08-17 01:57:01 USER=sajjad.shafiq LAB=lab205 HOME=/home/sajjad.shafiq
2026-08-17 01:58:50 USER=sajjad.shafiq LAB=lab205 HOME=/home/sajjad.shafiq
2026-08-17 02:00:33 USER=sajjad.shafiq LAB=lab205 HOME=/home/sajjad.shafiq
2026-08-17 02:02:42 USER=ayesha.abdullah LAB=lab101 HOME=/home/ayesha.abdullah
2026-08-17 02:03:08 USER=sajjad.shafiq LAB=lab205 HOME=/home/sajjad.shafiq
2026-08-17 02:04:33 USER=rabia.tariq LAB=lab201 HOME=/home/rabia.tariq
2026-08-17 02:06:03 USER=sajjad.shafiq LAB=lab205 HOME=/home/sajjad.shafiq
2026-08-17 02:08:13 USER=fakhr.rabbani LAB=lab208 HOME=/home/fakhr.rabbani
2026-08-17 02:08:28 USER=rabia.tariq LAB=lab201 HOME=/home/rabia.tariq
2026-08-17 02:10:51 USER=fakhr.rabbani LAB=lab208 HOME=/home/fakhr.rabbani
2026-08-17 02:10:53 USER=sajjad.shafiq LAB=lab205 HOME=/home/sajjad.shafiq
2026-08-17 02:11:56 USER=sana.abbasi LAB=lab204 HOME=/home/sana.abbasi
2026-08-17 02:12:27 USER=sana.abbasi LAB=lab203 HOME=/home/sana.abbasi
2026-08-17 02:12:34 USER=sajjad.shafiq LAB=lab205 HOME=/home/sajjad.shafiq
2026-08-17 02:12:40 USER=sana.abbasi LAB=lab204 HOME=/home/sana.abbasi
2026-08-17 02:13:07 USER=sana.abbasi LAB=lab205 HOME=/home/sana.abbasi
2026-08-17 02:15:31 USER=fakhr.rabbani LAB=lab208 HOME=/home/fakhr.rabbani
2026-08-17 02:17:07 USER=sajjad.shafiq LAB=lab205 HOME=/home/sajjad.shafiq
2026-08-17 02:20:50 USER=fakhr.rabbani LAB=lab208 HOME=/home/fakhr.rabbani
2026-08-17 02:22:45 USER=rabia.tariq LAB=lab201 HOME=/home/rabia.tariq
2026-08-17 02:23:04 USER=fakhr.rabbani LAB=lab208 HOME=/home/fakhr.rabbani
2026-08-17 02:24:22 USER=fakhr.rabbani LAB=lab208 HOME=/home/fakhr.rabbani
2026-08-17 02:25:07 USER=rabia.tariq LAB=lab201 HOME=/home/rabia.tariq
2026-08-17 02:27:05 USER=rabia.tariq LAB=lab201 HOME=/home/rabia.tariq
2026-08-17 02:28:22 USER=fakhr.rabbani LAB=lab208 HOME=/home/fakhr.rabbani
2026-08-17 02:29:11 USER=fakhr.rabbani LAB=lab208 HOME=/home/fakhr.rabbani
2026-08-17 02:29:42 USER=rabia.tariq LAB=lab201 HOME=/home/rabia.tariq
2026-08-17 02:29:43 USER=kinza.afzal LAB=lab204 HOME=/home/kinza.afzal
2026-08-17 02:31:15 USER=rabia.tariq LAB=lab201 HOME=/home/rabia.tariq
2026-08-17 02:32:08 USER=saba.akhtar LAB=lab203 HOME=/home/saba.akhtar
2026-08-17 02:32:51 USER=zara.khan LAB=lab101 HOME=/home/zara.khan
2026-08-17 02:33:02 USER=fakhr.rabbani LAB=lab208 HOME=/home/fakhr.rabbani
2026-08-17 02:33:18 USER=zara.khan LAB=lab101 HOME=/home/zara.khan
2026-08-17 02:33:36 USER=muhammad.khan LAB=lab209 HOME=/home/muhammad.khan
2026-08-17 02:33:45 USER=noor.fatima LAB=lab205 HOME=/home/noor.fatima
2026-08-17 02:34:47 USER=fakhr.rabbani LAB=lab208 HOME=/home/fakhr.rabbani
2026-08-17 02:35:19 USER=sajjad.shafiq LAB=lab205 HOME=/home/sajjad.shafiq
2026-08-17 02:36:20 USER=fakhr.rabbani LAB=lab208 HOME=/home/fakhr.rabbani
2026-08-17 02:37:06 USER=fakhr.rabbani LAB=lab208 HOME=/home/fakhr.rabbani
2026-08-17 02:37:22 USER=zara.khan LAB=lab102 HOME=/home/zara.khan
2026-08-17 02:37:46 USER=noor.fatima LAB=lab205 HOME=/home/noor.fatima
2026-08-17 02:39:17 USER=noor.fatima LAB=lab205 HOME=/home/noor.fatima
2026-08-17 02:39:19 USER=sadia.rafiq LAB=lab204 HOME=/home/sadia.rafiq
2026-08-17 02:41:24 USER=fakhr.rabbani LAB=lab208 HOME=/home/fakhr.rabbani
2026-08-17 02:41:33 USER=sadia.rafiq LAB=lab204 HOME=/home/sadia.rafiq
2026-08-17 02:42:50 USER=muneeb.ayub LAB=lab202 HOME=/home/muneeb.ayub
2026-08-17 02:42:57 USER=muhammad.khan LAB=lab209 HOME=/home/muhammad.khan
2026-08-17 02:43:18 USER=sadia.rafiq LAB=lab204 HOME=/home/sadia.rafiq
2026-08-17 02:43:37 USER=muhammad.khan LAB=lab101 HOME=/home/muhammad.khan
2026-08-17 02:43:57 USER=muhammad.khan LAB=lab102 HOME=/home/muhammad.khan
2026-08-17 02:44:38 USER=auroba.ahmad LAB=lab202 HOME=/home/auroba.ahmad
2026-08-17 02:48:42 USER=sadia.rafiq LAB=lab204 HOME=/home/sadia.rafiq
2026-08-17 02:49:45 USER=sadia.rafiq LAB=lab204 HOME=/home/sadia.rafiq
2026-08-17 02:50:26 USER=muneeb.ayub LAB=lab202 HOME=/home/muneeb.ayub
2026-08-17 02:51:29 USER=sadia.rafiq LAB=lab204 HOME=/home/sadia.rafiq
2026-08-17 02:53:02 USER=danyal.khan LAB=lab201 HOME=/home/danyal.khan
2026-08-17 02:53:23 USER=muhammad.shoaib LAB=lab207 HOME=/home/muhammad.shoaib
2026-08-17 02:53:47 USER=muhammad.shoaib LAB=lab202 HOME=/home/muhammad.shoaib
2026-08-17 02:53:55 USER=sadia.rafiq LAB=lab204 HOME=/home/sadia.rafiq
2026-08-17 02:54:07 USER=muhammad.shoaib LAB=lab203 HOME=/home/muhammad.shoaib
2026-08-17 02:57:53 USER=saeed.anwar LAB=lab209 HOME=/home/saeed.anwar
2026-08-17 02:59:38 USER=sadia.rafiq LAB=lab204 HOME=/home/sadia.rafiq
2026-08-17 03:00:36 USER=abdullah.anjum LAB=lab205 HOME=/home/abdullah.anjum
2026-08-17 03:00:45 USER=abdullah.anjum LAB=lab207 HOME=/home/abdullah.anjum
2026-08-17 03:02:51 USER=saeed.anwar LAB=lab209 HOME=/home/saeed.anwar
2026-08-17 03:03:41 USER=kinza.afzal LAB=lab205 HOME=/home/kinza.afzal
2026-08-17 03:05:25 USER=saeed.anwar LAB=lab208 HOME=/home/saeed.anwar
2026-08-17 03:05:41 USER=auroba.ahmad LAB=lab203 HOME=/home/auroba.ahmad
2026-08-17 03:07:38 USER=auroba.ahmad LAB=lab203 HOME=/home/auroba.ahmad
2026-08-17 03:10:58 USER=auroba.ahmad LAB=lab203 HOME=/home/auroba.ahmad
2026-08-17 03:11:20 USER=awais.ahmed LAB=lab207 HOME=/home/awais.ahmed
2026-08-17 03:13:43 USER=khawar.abbas LAB=lab209 HOME=/home/khawar.abbas
2026-08-17 03:15:08 USER=danyal.khan LAB=lab202 HOME=/home/danyal.khan
2026-08-17 03:23:10 USER=rabia.tariq LAB=lab202 HOME=/home/rabia.tariq
2026-08-17 03:25:42 USER=auroba.ahmad LAB=lab204 HOME=/home/auroba.ahmad
2026-08-17 03:26:46 USER=ayesha.abdullah LAB=lab201 HOME=/home/ayesha.abdullah
2026-08-17 03:27:48 USER=abdullah.anjum LAB=lab206 HOME=/home/abdullah.anjum
2026-08-17 03:31:46 USER=abdullah.anjum LAB=lab206 HOME=/home/abdullah.anjum
2026-08-17 03:32:56 USER=abdullah.anjum LAB=lab206 HOME=/home/abdullah.anjum
2026-08-17 03:36:48 USER=muhammad.shoaib LAB=lab203 HOME=/home/muhammad.shoaib
2026-08-17 03:36:51 USER=auroba.ahmad LAB=lab204 HOME=/home/auroba.ahmad
2026-08-17 03:37:30 USER=sardar.akmal LAB=lab206 HOME=/home/sardar.akmal
2026-08-17 03:37:53 USER=abdullah.anjum LAB=lab206 HOME=/home/abdullah.anjum
2026-08-17 03:38:02 USER=abdullah.anjum LAB=lab204 HOME=/home/abdullah.anjum
2026-08-17 03:38:12 USER=abdullah.anjum LAB=lab207 HOME=/home/abdullah.anjum
2026-08-17 03:38:59 USER=rabia.tariq LAB=lab202 HOME=/home/rabia.tariq
2026-08-17 03:39:32 USER=auroba.ahmad LAB=lab204 HOME=/home/auroba.ahmad
2026-08-17 03:40:28 USER=auroba.ahmad LAB=lab205 HOME=/home/auroba.ahmad
2026-08-17 03:40:46 USER=auroba.ahmad LAB=lab206 HOME=/home/auroba.ahmad
2026-08-17 03:43:05 USER=rabia.tariq LAB=lab202 HOME=/home/rabia.tariq
2026-08-17 03:46:17 USER=sardar.akmal LAB=lab206 HOME=/home/sardar.akmal
2026-08-17 03:46:36 USER=sardar.akmal LAB=lab206 HOME=/home/sardar.akmal
2026-08-17 03:47:02 USER=saffi.ullah LAB=lab204 HOME=/home/saffi.ullah
2026-08-17 03:47:32 USER=sardar.akmal LAB=lab206 HOME=/home/sardar.akmal
2026-08-17 03:48:09 USER=abdullah.anjum LAB=lab207 HOME=/home/abdullah.anjum
2026-08-17 03:48:53 USER=abdullah.anjum LAB=lab209 HOME=/home/abdullah.anjum
2026-08-17 03:52:28 USER=sardar.akmal LAB=lab206 HOME=/home/sardar.akmal
2026-08-17 03:54:30 USER=abdullah.anjum LAB=lab209 HOME=/home/abdullah.anjum
2026-08-17 03:57:45 USER=zara.khan LAB=lab208 HOME=/home/zara.khan
2026-08-17 03:59:40 USER=rabia.tariq LAB=lab202 HOME=/home/rabia.tariq
2026-08-17 04:04:33 USER=jenny.salman LAB=lab208 HOME=/home/jenny.salman
2026-08-17 04:07:33 USER=babar.temoor LAB=lab208 HOME=/home/babar.temoor
2026-08-17 04:09:38 USER=muhammad.shoaib LAB=lab204 HOME=/home/muhammad.shoaib
2026-08-17 04:14:30 USER=rabia.tariq LAB=lab202 HOME=/home/rabia.tariq
2026-08-17 04:16:03 USER=rabia.tariq LAB=lab202 HOME=/home/rabia.tariq
2026-08-17 04:29:22 USER=khawar.abbas LAB=lab208 HOME=/home/khawar.abbas
2026-08-17 04:35:57 USER=nabila.dass LAB=lab202 HOME=/home/nabila.dass
2026-08-17 04:36:58 USER=auroba.ahmad LAB=lab207 HOME=/home/auroba.ahmad
2026-08-17 04:43:53 USER=ali.raza LAB=lab208 HOME=/home/ali.raza
2026-08-17 04:44:15 USER=nimat.ullah LAB=lab208 HOME=/home/nimat.ullah
2026-08-17 04:49:08 USER=khawar.abbas LAB=lab208 HOME=/home/khawar.abbas
2026-08-17 04:49:55 USER=khawar.abbas LAB=lab208 HOME=/home/khawar.abbas
2026-08-17 04:50:16 USER=ali.raza LAB=lab208 HOME=/home/ali.raza
2026-08-17 04:50:49 USER=ali.raza LAB=lab208 HOME=/home/ali.raza
2026-08-17 04:51:46 USER=ali.raza LAB=lab209 HOME=/home/ali.raza
2026-08-17 04:55:15 USER=auroba.ahmad LAB=lab207 HOME=/home/auroba.ahmad
2026-08-17 05:12:32 USER=anas.khan LAB=lab207 HOME=/home/anas.khan
2026-08-17 05:12:40 USER=raza.ali LAB=lab207 HOME=/home/raza.ali
2026-08-17 05:21:19 USER=raza.ali LAB=lab207 HOME=/home/raza.ali
2026-08-17 05:21:34 USER=anas.khan LAB=lab207 HOME=/home/anas.khan
2026-08-17 05:22:58 USER=raza.ali LAB=lab207 HOME=/home/raza.ali
2026-08-17 05:25:45 USER=anas.khan LAB=lab207 HOME=/home/anas.khan
2026-08-17 05:26:08 USER=ayesha.abdullah LAB=lab208 HOME=/home/ayesha.abdullah
2026-08-17 05:36:00 USER=raza.ali LAB=lab207 HOME=/home/raza.ali
2026-08-17 05:36:31 USER=anas.khan LAB=lab207 HOME=/home/anas.khan
2026-08-17 05:37:37 USER=raza.ali LAB=lab209 HOME=/home/raza.ali
2026-08-17 05:37:41 USER=anas.khan LAB=lab209 HOME=/home/anas.khan
2026-08-17 05:38:04 USER=anas.khan LAB=lab209 HOME=/home/anas.khan
2026-08-17 05:42:12 USER=anas.khan LAB=lab209 HOME=/home/anas.khan
2026-08-17 05:42:59 USER=anas.khan LAB=lab209 HOME=/home/anas.khan
2026-08-17 05:43:10 USER=anas.khan LAB=lab209 HOME=/home/anas.khan
2026-08-17 05:43:40 USER=anas.khan LAB=lab209 HOME=/home/anas.khan
2026-08-17 05:45:09 USER=anas.khan LAB=lab209 HOME=/home/anas.khan
2026-08-17 05:45:15 USER=raza.ali LAB=lab209 HOME=/home/raza.ali
2026-08-17 05:45:33 USER=anas.khan LAB=lab209 HOME=/home/anas.khan
2026-08-17 05:47:15 USER=anas.khan LAB=lab209 HOME=/home/anas.khan
2026-08-17 05:48:58 USER=anas.khan LAB=lab209 HOME=/home/anas.khan
2026-08-17 06:07:22 USER=ayesha.abdullah LAB=lab208 HOME=/home/ayesha.abdullah
2026-08-17 06:10:01 USER=ayesha.abdullah LAB=lab208 HOME=/home/ayesha.abdullah
2026-08-17 06:10:14 USER=ayesha.abdullah LAB=lab208 HOME=/home/ayesha.abdullah
2026-08-17 06:10:50 USER=ayesha.abdullah LAB=lab208 HOME=/home/ayesha.abdullah
2026-08-17 06:14:41 USER=nazmeen.faryad LAB=lab207 HOME=/home/nazmeen.faryad
2026-08-17 06:41:02 USER=talha.zubair LAB=lab208 HOME=/home/talha.zubair
2026-08-17 07:37:11 USER=saffi.ullah LAB=lab205 HOME=/home/saffi.ullah
2026-08-17 07:44:16 USER=nazmeen.faryad LAB=lab202 HOME=/home/nazmeen.faryad
2026-08-17 07:44:26 USER=saffi.ullah LAB=lab205 HOME=/home/saffi.ullah
2026-08-17 07:46:40 USER=saffi.ullah LAB=lab205 HOME=/home/saffi.ullah
2026-08-17 09:33:14 USER=muhammad.khan LAB=lab201 HOME=/home/muhammad.khan
2026-08-17 09:33:26 USER=muhammad.khan LAB=lab202 HOME=/home/muhammad.khan
2026-08-17 09:33:41 USER=muhammad.khan LAB=lab203 HOME=/home/muhammad.khan
2026-08-17 10:07:36 USER=muhammad.khan LAB=lab203 HOME=/home/muhammad.khan
2026-08-17 10:10:16 USER=muhammad.khan LAB=lab203 HOME=/home/muhammad.khan
2026-08-17 12:46:21 USER=sameer.awais LAB=lab208 HOME=/home/sameer.awais
2026-08-17 13:31:41 USER=babar.temoor LAB=lab209 HOME=/home/babar.temoor
2026-08-17 13:32:52 USER=babar.temoor LAB=lab209 HOME=/home/babar.temoor
2026-08-17 13:49:45 USER=isbah.noor LAB=lab207 HOME=/home/isbah.noor
2026-08-17 13:56:55 USER=isbah.noor LAB=lab208 HOME=/home/isbah.noor
2026-08-17 14:28:21 USER=khawar.abbas LAB=lab208 HOME=/home/khawar.abbas
2026-08-17 14:32:48 USER=khawar.abbas LAB=lab201 HOME=/home/khawar.abbas
2026-08-17 14:35:19 USER=khawar.abbas LAB=lab201 HOME=/home/khawar.abbas
2026-08-17 14:41:58 USER=khawar.abbas LAB=lab202 HOME=/home/khawar.abbas
2026-08-17 14:44:16 USER=khawar.abbas LAB=lab202 HOME=/home/khawar.abbas
2026-08-17 14:46:11 USER=khawar.abbas LAB=lab202 HOME=/home/khawar.abbas
2026-08-17 14:58:47 USER=isbah.noor LAB=lab208 HOME=/home/isbah.noor
2026-08-17 14:59:36 USER=isbah.noor LAB=lab209 HOME=/home/isbah.noor
2026-08-17 15:02:37 USER=khawar.abbas LAB=lab204 HOME=/home/khawar.abbas
2026-08-17 15:08:11 USER=waleed.javed LAB=lab201 HOME=/home/waleed.javed
2026-08-17 15:08:30 USER=waleed.javed LAB=lab202 HOME=/home/waleed.javed
2026-08-17 15:19:56 USER=isbah.noor LAB=lab209 HOME=/home/isbah.noor
2026-08-17 15:23:36 USER=khawar.abbas LAB=lab204 HOME=/home/khawar.abbas
2026-08-17 15:25:37 USER=khawar.abbas LAB=lab204 HOME=/home/khawar.abbas
2026-08-17 15:27:30 USER=khawar.abbas LAB=lab205 HOME=/home/khawar.abbas
2026-08-17 15:27:37 USER=hajra.iftikhar LAB=lab205 HOME=/home/hajra.iftikhar
2026-08-17 15:28:04 USER=hajra.iftikhar LAB=lab206 HOME=/home/hajra.iftikhar
2026-08-17 15:31:19 USER=hajra.iftikhar LAB=lab207 HOME=/home/hajra.iftikhar
2026-08-17 15:32:58 USER=khawar.abbas LAB=lab205 HOME=/home/khawar.abbas
2026-08-17 15:34:12 USER=khawar.abbas LAB=lab205 HOME=/home/khawar.abbas
2026-08-17 15:53:37 USER=jenny.salman LAB=lab201 HOME=/home/jenny.salman
2026-08-17 15:56:44 USER=harinderpreet.kaur LAB=lab201 HOME=/home/harinderpreet.kaur
2026-08-17 16:10:32 USER=asfiya.umair LAB=lab208 HOME=/home/asfiya.umair
2026-08-17 16:15:00 USER=kamaljeet.kaur LAB=lab201 HOME=/home/kamaljeet.kaur
2026-08-17 16:17:06 USER=fatima.tabusum LAB=lab201 HOME=/home/fatima.tabusum
2026-08-17 16:34:49 USER=muhammad.bilal LAB=lab201 HOME=/home/muhammad.bilal
2026-08-17 16:36:43 USER=khawar.abbas LAB=lab205 HOME=/home/khawar.abbas
2026-08-17 16:37:29 USER=khawar.abbas LAB=lab201 HOME=/home/khawar.abbas
2026-08-17 16:37:49 USER=khawar.abbas LAB=lab202 HOME=/home/khawar.abbas
2026-08-17 16:38:17 USER=khawar.abbas LAB=lab203 HOME=/home/khawar.abbas
2026-08-17 16:38:31 USER=khawar.abbas LAB=lab204 HOME=/home/khawar.abbas
2026-08-17 16:38:44 USER=khawar.abbas LAB=lab205 HOME=/home/khawar.abbas
2026-08-17 16:39:01 USER=khawar.abbas LAB=lab206 HOME=/home/khawar.abbas
2026-08-17 16:39:17 USER=khawar.abbas LAB=lab207 HOME=/home/khawar.abbas
2026-08-17 16:39:35 USER=khawar.abbas LAB=lab208 HOME=/home/khawar.abbas
2026-08-17 16:40:06 USER=khawar.abbas LAB=lab209 HOME=/home/khawar.abbas
2026-08-17 16:40:47 USER=khawar.abbas LAB=lab209 HOME=/home/khawar.abbas
2026-08-17 16:43:48 USER=sardar.akmal LAB=lab201 HOME=/home/sardar.akmal
2026-08-17 16:44:33 USER=sardar.akmal LAB=lab201 HOME=/home/sardar.akmal
2026-08-17 16:47:08 USER=khawar.abbas LAB=lab209 HOME=/home/khawar.abbas
2026-08-17 16:51:49 USER=khawar.abbas LAB=lab202 HOME=/home/khawar.abbas
2026-08-17 16:51:53 USER=nakhal.iqbal LAB=lab201 HOME=/home/nakhal.iqbal
2026-08-17 16:54:34 USER=khawar.abbas LAB=lab202 HOME=/home/khawar.abbas
2026-08-17 17:09:28 USER=ali.raza LAB=lab208 HOME=/home/ali.raza
2026-08-17 17:25:21 USER=khawar.abbas LAB=lab208 HOME=/home/khawar.abbas
2026-08-17 17:32:58 USER=muhammad.bilal LAB=lab201 HOME=/home/muhammad.bilal
2026-08-17 17:33:54 USER=ahmed.mohammed LAB=lab207 HOME=/home/ahmed.mohammed
2026-08-17 17:38:45 USER=sardar.akmal LAB=lab202 HOME=/home/sardar.akmal
2026-08-17 17:54:03 USER=kinza.afzal LAB=lab205 HOME=/home/kinza.afzal
2026-08-17 17:58:09 USER=ahmed.mohammed LAB=lab208 HOME=/home/ahmed.mohammed
2026-08-17 18:03:37 USER=muhammad.bilal LAB=lab201 HOME=/home/muhammad.bilal
2026-08-17 18:06:08 USER=khawar.abbas LAB=lab208 HOME=/home/khawar.abbas
2026-08-17 18:07:28 USER=kinza.afzal LAB=lab205 HOME=/home/kinza.afzal
2026-08-17 18:09:28 USER=ali.qaisar LAB=lab201 HOME=/home/ali.qaisar
2026-08-17 18:10:44 USER=waleed.javed LAB=lab201 HOME=/home/waleed.javed
2026-08-17 18:13:17 USER=ali.qaisar LAB=lab201 HOME=/home/ali.qaisar
2026-08-17 18:14:02 USER=harinderpreet.kaur LAB=lab201 HOME=/home/harinderpreet.kaur
2026-08-17 18:15:57 USER=ali.raza LAB=lab208 HOME=/home/ali.raza
2026-08-17 18:19:16 USER=waleed.javed LAB=lab201 HOME=/home/waleed.javed
2026-08-17 18:19:40 USER=ali.qaisar LAB=lab201 HOME=/home/ali.qaisar
2026-08-17 18:20:05 USER=waleed.javed LAB=lab201 HOME=/home/waleed.javed
2026-08-17 18:22:00 USER=muhammad.bilal LAB=lab202 HOME=/home/muhammad.bilal
2026-08-17 18:22:54 USER=suliman.ashraf LAB=lab208 HOME=/home/suliman.ashraf
2026-08-17 18:24:49 USER=ali.qaisar LAB=lab201 HOME=/home/ali.qaisar
2026-08-17 18:24:51 USER=kinza.afzal LAB=lab205 HOME=/home/kinza.afzal
2026-08-17 18:25:05 USER=harinderpreet.kaur LAB=lab201 HOME=/home/harinderpreet.kaur
2026-08-17 18:26:08 USER=ali.qaisar LAB=lab201 HOME=/home/ali.qaisar
2026-08-17 18:29:36 USER=khawar.abbas LAB=lab208 HOME=/home/khawar.abbas
2026-08-17 18:38:41 USER=harinderpreet.kaur LAB=lab201 HOME=/home/harinderpreet.kaur
2026-08-17 18:41:19 USER=harinderpreet.kaur LAB=lab201 HOME=/home/harinderpreet.kaur
2026-08-17 18:43:00 USER=muhammad.bilal LAB=lab203 HOME=/home/muhammad.bilal
2026-08-17 18:50:51 USER=ali.raza LAB=lab208 HOME=/home/ali.raza
2026-08-17 18:51:42 USER=ali.raza LAB=lab208 HOME=/home/ali.raza
2026-08-17 18:53:30 USER=muhammad.bilal LAB=lab204 HOME=/home/muhammad.bilal
2026-08-17 18:54:19 USER=harinderpreet.kaur LAB=lab201 HOME=/home/harinderpreet.kaur
2026-08-17 18:59:09 USER=kinza.afzal LAB=lab206 HOME=/home/kinza.afzal
2026-08-17 18:59:13 USER=harinderpreet.kaur LAB=lab201 HOME=/home/harinderpreet.kaur
2026-08-17 18:59:29 USER=muhammad.bilal LAB=lab204 HOME=/home/muhammad.bilal
2026-08-17 19:01:36 USER=harinderpreet.kaur LAB=lab201 HOME=/home/harinderpreet.kaur
2026-08-17 19:06:46 USER=harinderpreet.kaur LAB=lab201 HOME=/home/harinderpreet.kaur
2026-08-17 19:18:32 USER=muhammad.shoaib LAB=lab207 HOME=/home/muhammad.shoaib
2026-08-17 19:18:48 USER=muhammad.shoaib LAB=lab204 HOME=/home/muhammad.shoaib
2026-08-17 19:19:01 USER=muhammad.shoaib LAB=lab205 HOME=/home/muhammad.shoaib
2026-08-17 19:35:12 USER=muhammad.bilal LAB=lab205 HOME=/home/muhammad.bilal
2026-08-17 19:47:44 USER=umaira.zaib LAB=lab202 HOME=/home/umaira.zaib
2026-08-17 19:56:05 USER=kinza.afzal LAB=lab206 HOME=/home/kinza.afzal
2026-08-17 20:09:11 USER=ali.qaisar LAB=lab201 HOME=/home/ali.qaisar
2026-08-17 20:10:25 USER=ali.qaisar LAB=lab202 HOME=/home/ali.qaisar
2026-08-17 20:13:19 USER=ali.qaisar LAB=lab202 HOME=/home/ali.qaisar
2026-08-17 20:14:41 USER=ali.qaisar LAB=lab202 HOME=/home/ali.qaisar
2026-08-17 20:20:13 USER=kinza.afzal LAB=lab207 HOME=/home/kinza.afzal
2026-08-17 20:28:48 USER=ali.qaisar LAB=lab202 HOME=/home/ali.qaisar
2026-08-17 20:30:16 USER=ali.qaisar LAB=lab202 HOME=/home/ali.qaisar
2026-08-17 20:31:09 USER=ali.qaisar LAB=lab202 HOME=/home/ali.qaisar
2026-08-17 20:31:23 USER=ayesha.abdullah LAB=lab208 HOME=/home/ayesha.abdullah
2026-08-17 20:40:43 USER=fathima.sundus LAB=lab206 HOME=/home/fathima.sundus
2026-08-17 20:41:03 USER=fathima.sundus LAB=lab207 HOME=/home/fathima.sundus
2026-08-17 21:02:36 USER=kinza.afzal LAB=lab208 HOME=/home/kinza.afzal
2026-08-17 21:04:13 USER=ayesha.abdullah LAB=lab208 HOME=/home/ayesha.abdullah
2026-08-17 21:08:12 USER=muhammad.bilal LAB=lab206 HOME=/home/muhammad.bilal
2026-08-17 21:12:52 USER=muhammad.bilal LAB=lab206 HOME=/home/muhammad.bilal
2026-08-17 21:32:40 USER=muneeb.ayub LAB=lab208 HOME=/home/muneeb.ayub
2026-08-17 21:38:54 USER=muneeb.ayub LAB=lab208 HOME=/home/muneeb.ayub
2026-08-17 21:53:20 USER=sadia.rafiq LAB=lab204 HOME=/home/sadia.rafiq
2026-08-17 21:58:59 USER=kinza.afzal LAB=lab208 HOME=/home/kinza.afzal
2026-08-17 21:59:21 USER=fathima.sundus LAB=lab201 HOME=/home/fathima.sundus
2026-08-17 22:01:13 USER=fathima.sundus LAB=lab201 HOME=/home/fathima.sundus
2026-08-17 22:02:29 USER=fathima.sundus LAB=lab201 HOME=/home/fathima.sundus
2026-08-17 22:05:43 USER=muneeb.ayub LAB=lab208 HOME=/home/muneeb.ayub
2026-08-17 22:05:49 USER=fathima.sundus LAB=lab201 HOME=/home/fathima.sundus
2026-08-17 22:05:49 USER=muneeb.ayub LAB=lab208 HOME=/home/muneeb.ayub
2026-08-17 22:06:47 USER=fathima.sundus LAB=lab209 HOME=/home/fathima.sundus
2026-08-17 22:09:21 USER=sadia.rafiq LAB=lab204 HOME=/home/sadia.rafiq
2026-08-17 22:17:18 USER=muneeb.ayub LAB=lab208 HOME=/home/muneeb.ayub
2026-08-17 22:24:52 USER=khawar.abbas LAB=lab202 HOME=/home/khawar.abbas
2026-08-17 22:27:33 USER=khawar.abbas LAB=lab202 HOME=/home/khawar.abbas
2026-08-17 22:27:33 USER=umaira.zaib LAB=lab202 HOME=/home/umaira.zaib
2026-08-17 22:32:56 USER=khawar.abbas LAB=lab202 HOME=/home/khawar.abbas
2026-08-17 22:33:58 USER=khawar.abbas LAB=lab208 HOME=/home/khawar.abbas
2026-08-17 22:35:37 USER=khawar.abbas LAB=lab202 HOME=/home/khawar.abbas
2026-08-17 22:38:07 USER=muneeb.ayub LAB=lab208 HOME=/home/muneeb.ayub
2026-08-17 22:40:21 USER=babar.temoor LAB=lab208 HOME=/home/babar.temoor
2026-08-17 22:41:25 USER=khawar.abbas LAB=lab202 HOME=/home/khawar.abbas
2026-08-17 22:42:05 USER=khawar.abbas LAB=lab202 HOME=/home/khawar.abbas
2026-08-17 22:54:10 USER=muhammad.jahanzaib LAB=lab203 HOME=/home/muhammad.jahanzaib
2026-08-17 22:59:03 USER=sameer.awais LAB=lab208 HOME=/home/sameer.awais
2026-08-17 23:02:23 USER=kamaljeet.kaur LAB=lab201 HOME=/home/kamaljeet.kaur
2026-08-17 23:02:58 USER=kamaljeet.kaur LAB=lab201 HOME=/home/kamaljeet.kaur
2026-08-17 23:04:29 USER=kamaljeet.kaur LAB=lab201 HOME=/home/kamaljeet.kaur
2026-08-17 23:05:11 USER=kamaljeet.kaur LAB=lab201 HOME=/home/kamaljeet.kaur
2026-08-17 23:08:54 USER=muhammad.jahanzaib LAB=lab201 HOME=/home/muhammad.jahanzaib
2026-08-17 23:12:25 USER=muneeb.ayub LAB=lab208 HOME=/home/muneeb.ayub
2026-08-17 23:14:33 USER=sameer.awais LAB=lab208 HOME=/home/sameer.awais
2026-08-17 23:16:40 USER=muneeb.ayub LAB=lab209 HOME=/home/muneeb.ayub
2026-08-17 23:16:56 USER=muneeb.ayub LAB=lab202 HOME=/home/muneeb.ayub
2026-08-17 23:17:13 USER=muneeb.ayub LAB=lab203 HOME=/home/muneeb.ayub
2026-08-17 23:17:27 USER=muneeb.ayub LAB=lab204 HOME=/home/muneeb.ayub
2026-08-17 23:18:49 USER=muneeb.ayub LAB=lab205 HOME=/home/muneeb.ayub
2026-08-17 23:19:02 USER=muneeb.ayub LAB=lab206 HOME=/home/muneeb.ayub
2026-08-17 23:19:24 USER=muneeb.ayub LAB=lab207 HOME=/home/muneeb.ayub
2026-08-17 23:25:37 USER=janit.rashid LAB=lab201 HOME=/home/janit.rashid
2026-08-17 23:29:57 USER=janit.rashid LAB=lab201 HOME=/home/janit.rashid
2026-08-17 23:32:09 USER=sameer.awais LAB=lab208 HOME=/home/sameer.awais
2026-08-17 23:37:54 USER=hasnat.kamal LAB=lab208 HOME=/home/hasnat.kamal
2026-08-17 23:43:54 USER=janit.rashid LAB=lab201 HOME=/home/janit.rashid
2026-08-17 23:44:20 USER=janit.rashid LAB=lab207 HOME=/home/janit.rashid
2026-08-17 23:44:57 USER=janit.rashid LAB=lab206 HOME=/home/janit.rashid
2026-08-17 23:45:11 USER=janit.rashid LAB=lab205 HOME=/home/janit.rashid
2026-08-17 23:45:20 USER=janit.rashid LAB=lab204 HOME=/home/janit.rashid
2026-08-17 23:45:30 USER=janit.rashid LAB=lab203 HOME=/home/janit.rashid
2026-08-17 23:50:31 USER=mehedi.hasan LAB=lab201 HOME=/home/mehedi.hasan
2026-08-17 23:51:10 USER=janit.rashid LAB=lab202 HOME=/home/janit.rashid
2026-08-17 23:51:19 USER=kamaljeet.kaur LAB=lab201 HOME=/home/kamaljeet.kaur
2026-08-17 23:52:53 USER=kamaljeet.kaur LAB=lab201 HOME=/home/kamaljeet.kaur
2026-08-17 23:53:04 USER=kinza.afzal LAB=lab209 HOME=/home/kinza.afzal
2026-08-17 23:53:38 USER=kinza.afzal LAB=lab209 HOME=/home/kinza.afzal
2026-08-17 23:54:03 USER=babar.temoor LAB=lab208 HOME=/home/babar.temoor
2026-08-18 00:00:50 USER=mehedi.hasan LAB=lab202 HOME=/home/mehedi.hasan
2026-08-18 00:02:52 USER=janit.rashid LAB=lab202 HOME=/home/janit.rashid
2026-08-18 00:03:10 USER=babar.temoor LAB=lab208 HOME=/home/babar.temoor
2026-08-18 00:05:40 USER=mehedi.hasan LAB=lab203 HOME=/home/mehedi.hasan
2026-08-18 00:08:00 USER=sajjad.shafiq LAB=lab204 HOME=/home/sajjad.shafiq
2026-08-18 00:08:08 USER=sajjad.shafiq LAB=lab205 HOME=/home/sajjad.shafiq
2026-08-18 00:09:44 USER=jenny.salman LAB=lab208 HOME=/home/jenny.salman
2026-08-18 00:10:18 USER=asfiya.umair LAB=lab201 HOME=/home/asfiya.umair
2026-08-18 00:10:38 USER=noor.fatima LAB=lab206 HOME=/home/noor.fatima
2026-08-18 00:13:10 USER=muhammad.jahanzaib LAB=lab201 HOME=/home/muhammad.jahanzaib
2026-08-18 00:13:19 USER=noor.fatima LAB=lab206 HOME=/home/noor.fatima
2026-08-18 00:14:12 USER=muhammad.jahanzaib LAB=lab201 HOME=/home/muhammad.jahanzaib
2026-08-18 00:15:08 USER=abdulrahman.alshehri LAB=lab208 HOME=/home/abdulrahman.alshehri
2026-08-18 00:15:14 USER=noor.fatima LAB=lab206 HOME=/home/noor.fatima
2026-08-18 00:17:49 USER=abdulrahman.alshehri LAB=lab208 HOME=/home/abdulrahman.alshehri
2026-08-18 00:19:41 USER=kamaljeet.kaur LAB=lab201 HOME=/home/kamaljeet.kaur
2026-08-18 00:19:58 USER=abdulrahman.alshehri LAB=lab208 HOME=/home/abdulrahman.alshehri
2026-08-18 00:20:37 USER=abdulrahman.alshehri LAB=lab208 HOME=/home/abdulrahman.alshehri
2026-08-18 00:21:18 USER=abdulrahman.alshehri LAB=lab208 HOME=/home/abdulrahman.alshehri
2026-08-18 00:21:49 USER=noor.fatima LAB=lab206 HOME=/home/noor.fatima
2026-08-18 00:22:13 USER=janit.rashid LAB=lab202 HOME=/home/janit.rashid
2026-08-18 00:22:53 USER=abdulrahman.alshehri LAB=lab208 HOME=/home/abdulrahman.alshehri
2026-08-18 00:24:30 USER=sajjad.shafiq LAB=lab206 HOME=/home/sajjad.shafiq
2026-08-18 00:25:14 USER=noor.fatima LAB=lab206 HOME=/home/noor.fatima
2026-08-18 00:26:06 USER=noor.fatima LAB=lab206 HOME=/home/noor.fatima
2026-08-18 00:26:25 USER=mehedi.hasan LAB=lab203 HOME=/home/mehedi.hasan
2026-08-18 00:27:23 USER=kinza.afzal LAB=lab209 HOME=/home/kinza.afzal
2026-08-18 00:30:32 USER=noor.fatima LAB=lab206 HOME=/home/noor.fatima
2026-08-18 00:31:44 USER=jenny.salman LAB=lab208 HOME=/home/jenny.salman
2026-08-18 00:31:59 USER=hamza.bashir LAB=lab201 HOME=/home/hamza.bashir
2026-08-18 00:33:30 USER=mamoona.ijaz LAB=lab201 HOME=/home/mamoona.ijaz
2026-08-18 00:33:42 USER=erum.malik LAB=lab201 HOME=/home/erum.malik
2026-08-18 00:33:46 USER=janit.rashid LAB=lab202 HOME=/home/janit.rashid
2026-08-18 00:34:06 USER=erum.malik LAB=lab201 HOME=/home/erum.malik
2026-08-18 00:34:09 USER=muhammad.jahanzaib LAB=lab201 HOME=/home/muhammad.jahanzaib
2026-08-18 00:34:36 USER=noor.fatima LAB=lab206 HOME=/home/noor.fatima
2026-08-18 00:34:37 USER=janit.rashid LAB=lab201 HOME=/home/janit.rashid
2026-08-18 00:34:44 USER=shafaq.zehra LAB=lab201 HOME=/home/shafaq.zehra
2026-08-18 00:35:03 USER=mamoona.ijaz LAB=lab201 HOME=/home/mamoona.ijaz
2026-08-18 00:35:10 USER=erum.malik LAB=lab201 HOME=/home/erum.malik
2026-08-18 00:36:08 USER=rabia.tariq LAB=lab202 HOME=/home/rabia.tariq
2026-08-18 00:36:21 USER=janit.rashid LAB=lab203 HOME=/home/janit.rashid
2026-08-18 00:36:23 USER=erum.malik LAB=lab201 HOME=/home/erum.malik
2026-08-18 00:36:30 USER=hamza.bashir LAB=lab201 HOME=/home/hamza.bashir
2026-08-18 00:36:37 USER=hershey.tripathi LAB=lab201 HOME=/home/hershey.tripathi
2026-08-18 00:36:43 USER=shafaq.zehra LAB=lab201 HOME=/home/shafaq.zehra
2026-08-18 00:37:03 USER=babli.mehta LAB=lab201 HOME=/home/babli.mehta
2026-08-18 00:37:10 USER=zunaira.akhtar LAB=lab201 HOME=/home/zunaira.akhtar
2026-08-18 00:37:12 USER=hamza.bashir LAB=lab202 HOME=/home/hamza.bashir
2026-08-18 00:37:22 USER=rabia.tariq LAB=lab202 HOME=/home/rabia.tariq
2026-08-18 00:37:31 USER=nimat.ullah LAB=lab201 HOME=/home/nimat.ullah
2026-08-18 00:37:39 USER=sameer.awais LAB=lab208 HOME=/home/sameer.awais
2026-08-18 00:38:00 USER=khawar.abbas LAB=lab208 HOME=/home/khawar.abbas
2026-08-18 00:38:33 USER=noor.fatima LAB=lab206 HOME=/home/noor.fatima
2026-08-18 00:39:20 USER=syed.ali LAB=lab201 HOME=/home/syed.ali
2026-08-18 00:39:53 USER=janit.rashid LAB=lab206 HOME=/home/janit.rashid
2026-08-18 00:41:03 USER=noor.fatima LAB=lab206 HOME=/home/noor.fatima
2026-08-18 00:41:17 USER=muhammad.jahanzaib LAB=lab201 HOME=/home/muhammad.jahanzaib
2026-08-18 00:41:54 USER=fatima.tabusum LAB=lab202 HOME=/home/fatima.tabusum
2026-08-18 00:44:44 USER=noor.fatima LAB=lab206 HOME=/home/noor.fatima
2026-08-18 00:44:44 USER=aqsa.mian LAB=lab201 HOME=/home/aqsa.mian
2026-08-18 00:45:56 USER=sajjad.shafiq LAB=lab206 HOME=/home/sajjad.shafiq
2026-08-18 00:46:55 USER=noor.fatima LAB=lab206 HOME=/home/noor.fatima
2026-08-18 00:47:44 USER=rabia.tariq LAB=lab202 HOME=/home/rabia.tariq
2026-08-18 00:48:21 USER=khawar.abbas LAB=lab208 HOME=/home/khawar.abbas
2026-08-18 00:48:38 USER=abdulrahman.alshehri LAB=lab208 HOME=/home/abdulrahman.alshehri
2026-08-18 00:48:46 USER=khawar.abbas LAB=lab201 HOME=/home/khawar.abbas
2026-08-18 00:48:58 USER=sameer.awais LAB=lab208 HOME=/home/sameer.awais
2026-08-18 00:49:03 USER=mohsin.mahmood LAB=lab202 HOME=/home/mohsin.mahmood
2026-08-18 00:50:14 USER=rabia.tariq LAB=lab202 HOME=/home/rabia.tariq
2026-08-18 00:50:39 USER=abdulrahman.alshehri LAB=lab208 HOME=/home/abdulrahman.alshehri
2026-08-18 00:51:30 USER=abdulrahman.alshehri LAB=lab209 HOME=/home/abdulrahman.alshehri
2026-08-18 00:51:38 USER=abdulrahman.alshehri LAB=lab207 HOME=/home/abdulrahman.alshehri
2026-08-18 00:51:48 USER=abdulrahman.alshehri LAB=lab206 HOME=/home/abdulrahman.alshehri
2026-08-18 00:51:56 USER=abdulrahman.alshehri LAB=lab205 HOME=/home/abdulrahman.alshehri
2026-08-18 00:52:04 USER=abdulrahman.alshehri LAB=lab204 HOME=/home/abdulrahman.alshehri
2026-08-18 00:52:06 USER=noor.fatima LAB=lab206 HOME=/home/noor.fatima
2026-08-18 00:52:11 USER=abdulrahman.alshehri LAB=lab203 HOME=/home/abdulrahman.alshehri
2026-08-18 00:52:19 USER=abdulrahman.alshehri LAB=lab202 HOME=/home/abdulrahman.alshehri
2026-08-18 00:52:26 USER=abdulrahman.alshehri LAB=lab201 HOME=/home/abdulrahman.alshehri
2026-08-18 00:53:25 USER=janit.rashid LAB=lab202 HOME=/home/janit.rashid
2026-08-18 00:53:53 USER=noor.fatima LAB=lab206 HOME=/home/noor.fatima
2026-08-18 00:55:05 USER=janit.rashid LAB=lab202 HOME=/home/janit.rashid
2026-08-18 00:55:40 USER=awais.afzal LAB=lab201 HOME=/home/awais.afzal
2026-08-18 00:57:09 USER=zara.khan LAB=lab201 HOME=/home/zara.khan
2026-08-18 00:57:47 USER=kinza.afzal LAB=lab209 HOME=/home/kinza.afzal
2026-08-18 00:58:37 USER=muneeb.ayub LAB=lab203 HOME=/home/muneeb.ayub
2026-08-18 00:58:48 USER=muneeb.ayub LAB=lab204 HOME=/home/muneeb.ayub
2026-08-18 01:00:04 USER=zara.khan LAB=lab201 HOME=/home/zara.khan
2026-08-18 01:00:29 USER=noor.fatima LAB=lab207 HOME=/home/noor.fatima
2026-08-18 01:00:43 USER=sameer.awais LAB=lab208 HOME=/home/sameer.awais
2026-08-18 01:01:27 USER=janit.rashid LAB=lab202 HOME=/home/janit.rashid
2026-08-18 01:01:33 USER=abdulrahman.alshehri LAB=lab209 HOME=/home/abdulrahman.alshehri
2026-08-18 01:01:41 USER=asfiya.umair LAB=lab202 HOME=/home/asfiya.umair
2026-08-18 01:02:12 USER=janit.rashid LAB=lab202 HOME=/home/janit.rashid
2026-08-18 01:02:19 USER=janit.rashid LAB=lab203 HOME=/home/janit.rashid
2026-08-18 01:02:21 USER=sameer.awais LAB=lab208 HOME=/home/sameer.awais
2026-08-18 01:02:40 USER=janit.rashid LAB=lab201 HOME=/home/janit.rashid
2026-08-18 01:03:02 USER=hamza.bashir LAB=lab202 HOME=/home/hamza.bashir
2026-08-18 01:04:07 USER=sajjad.shafiq LAB=lab206 HOME=/home/sajjad.shafiq
2026-08-18 01:04:39 USER=sajjad.shafiq LAB=lab206 HOME=/home/sajjad.shafiq
2026-08-18 01:05:05 USER=janit.rashid LAB=lab201 HOME=/home/janit.rashid
2026-08-18 01:06:01 USER=hershey.tripathi LAB=lab202 HOME=/home/hershey.tripathi
2026-08-18 01:06:28 USER=janit.rashid LAB=lab201 HOME=/home/janit.rashid
2026-08-18 01:07:46 USER=hamza.bashir LAB=lab202 HOME=/home/hamza.bashir
2026-08-18 01:08:34 USER=janit.rashid LAB=lab201 HOME=/home/janit.rashid
2026-08-18 01:09:53 USER=janit.rashid LAB=lab202 HOME=/home/janit.rashid
2026-08-18 01:10:00 USER=janit.rashid LAB=lab203 HOME=/home/janit.rashid
2026-08-18 01:10:35 USER=janit.rashid LAB=lab204 HOME=/home/janit.rashid
2026-08-18 01:10:45 USER=janit.rashid LAB=lab205 HOME=/home/janit.rashid
2026-08-18 01:10:47 USER=ayesha.abdullah LAB=lab209 HOME=/home/ayesha.abdullah
2026-08-18 01:10:52 USER=jenny.salman LAB=lab208 HOME=/home/jenny.salman
2026-08-18 01:10:53 USER=janit.rashid LAB=lab206 HOME=/home/janit.rashid
2026-08-18 01:11:13 USER=sameer.awais LAB=lab208 HOME=/home/sameer.awais
2026-08-18 01:11:27 USER=saba.akhtar LAB=lab204 HOME=/home/saba.akhtar
2026-08-18 01:12:19 USER=mohsin.mahmood LAB=lab202 HOME=/home/mohsin.mahmood
2026-08-18 01:16:30 USER=mohsin.mahmood LAB=lab202 HOME=/home/mohsin.mahmood
2026-08-18 01:17:20 USER=sameer.awais LAB=lab208 HOME=/home/sameer.awais
2026-08-18 01:17:42 USER=sajjad.shafiq LAB=lab206 HOME=/home/sajjad.shafiq
2026-08-18 01:20:14 USER=jenny.salman LAB=lab208 HOME=/home/jenny.salman
2026-08-18 01:21:50 USER=muneeb.ayub LAB=lab204 HOME=/home/muneeb.ayub
2026-08-18 01:22:10 USER=muneeb.ayub LAB=lab205 HOME=/home/muneeb.ayub
2026-08-18 01:22:29 USER=muneeb.ayub LAB=lab206 HOME=/home/muneeb.ayub
2026-08-18 01:24:17 USER=sajjad.shafiq LAB=lab206 HOME=/home/sajjad.shafiq
2026-08-18 01:24:58 USER=awais.afzal LAB=lab201 HOME=/home/awais.afzal
2026-08-18 01:26:13 USER=sajjad.shafiq LAB=lab206 HOME=/home/sajjad.shafiq
2026-08-18 01:26:38 USER=mohsin.mahmood LAB=lab202 HOME=/home/mohsin.mahmood
2026-08-18 01:26:51 USER=sajjad.shafiq LAB=lab205 HOME=/home/sajjad.shafiq
2026-08-18 01:27:11 USER=sajjad.shafiq LAB=lab206 HOME=/home/sajjad.shafiq
2026-08-18 01:27:41 USER=mohsin.mahmood LAB=lab202 HOME=/home/mohsin.mahmood
2026-08-18 01:28:05 USER=nabila.dass LAB=lab203 HOME=/home/nabila.dass
2026-08-18 01:28:26 USER=jenny.salman LAB=lab208 HOME=/home/jenny.salman
2026-08-18 01:28:32 USER=noor.fatima LAB=lab207 HOME=/home/noor.fatima
2026-08-18 01:28:54 USER=sajjad.shafiq LAB=lab206 HOME=/home/sajjad.shafiq
2026-08-18 01:29:00 USER=nabila.dass LAB=lab203 HOME=/home/nabila.dass
2026-08-18 01:29:03 USER=auroba.ahmad LAB=lab207 HOME=/home/auroba.ahmad
2026-08-18 01:29:34 USER=sameer.awais LAB=lab208 HOME=/home/sameer.awais
2026-08-18 01:29:48 USER=mohsin.mahmood LAB=lab202 HOME=/home/mohsin.mahmood
2026-08-18 01:30:00 USER=mamoona.ijaz LAB=lab202 HOME=/home/mamoona.ijaz
2026-08-18 01:30:24 USER=muhammad.khan LAB=lab204 HOME=/home/muhammad.khan
2026-08-18 01:30:36 USER=muhammad.khan LAB=lab201 HOME=/home/muhammad.khan
2026-08-18 01:30:40 USER=jenny.salman LAB=lab208 HOME=/home/jenny.salman
2026-08-18 01:30:51 USER=nimat.ullah LAB=lab202 HOME=/home/nimat.ullah
2026-08-18 01:30:53 USER=muhammad.khan LAB=lab202 HOME=/home/muhammad.khan
2026-08-18 01:31:03 USER=muhammad.khan LAB=lab209 HOME=/home/muhammad.khan
2026-08-18 01:31:25 USER=muhammad.khan LAB=lab209 HOME=/home/muhammad.khan
2026-08-18 01:31:30 USER=rabia.tariq LAB=lab202 HOME=/home/rabia.tariq
2026-08-18 01:31:37 USER=nabila.dass LAB=lab203 HOME=/home/nabila.dass
2026-08-18 01:32:12 USER=asfiya.umair LAB=lab202 HOME=/home/asfiya.umair
2026-08-18 01:32:24 USER=shafaq.zehra LAB=lab202 HOME=/home/shafaq.zehra
2026-08-18 01:32:30 USER=sameer.awais LAB=lab208 HOME=/home/sameer.awais
2026-08-18 01:33:01 USER=mohsin.mahmood LAB=lab202 HOME=/home/mohsin.mahmood
2026-08-18 01:33:19 USER=nabila.dass LAB=lab203 HOME=/home/nabila.dass
2026-08-18 01:33:39 USER=muhammad.khan LAB=lab209 HOME=/home/muhammad.khan
2026-08-18 01:33:54 USER=mohsin.mahmood LAB=lab203 HOME=/home/mohsin.mahmood
2026-08-18 01:34:33 USER=mohsin.mahmood LAB=lab201 HOME=/home/mohsin.mahmood
2026-08-18 01:34:42 USER=hamza.bashir LAB=lab203 HOME=/home/hamza.bashir
2026-08-18 01:34:43 USER=rabia.tariq LAB=lab203 HOME=/home/rabia.tariq
2026-08-18 01:34:49 USER=arjun.singh LAB=lab208 HOME=/home/arjun.singh
2026-08-18 01:34:51 USER=sadia.rafiq LAB=lab204 HOME=/home/sadia.rafiq
2026-08-18 01:35:00 USER=noor.fatima LAB=lab207 HOME=/home/noor.fatima
2026-08-18 01:35:17 USER=nabila.dass LAB=lab203 HOME=/home/nabila.dass
2026-08-18 01:35:26 USER=mohsin.mahmood LAB=lab201 HOME=/home/mohsin.mahmood
2026-08-18 01:35:49 USER=mohsin.mahmood LAB=lab101 HOME=/home/mohsin.mahmood
2026-08-18 01:36:01 USER=noor.fatima LAB=lab207 HOME=/home/noor.fatima
2026-08-18 01:36:26 USER=sameer.awais LAB=lab208 HOME=/home/sameer.awais
2026-08-18 01:41:53 USER=sajjad.shafiq LAB=lab206 HOME=/home/sajjad.shafiq
2026-08-18 01:41:58 USER=sadia.rafiq LAB=lab204 HOME=/home/sadia.rafiq
2026-08-18 01:42:01 USER=arjun.singh LAB=lab208 HOME=/home/arjun.singh
2026-08-18 01:47:02 USER=noor.fatima LAB=lab208 HOME=/home/noor.fatima
2026-08-18 01:48:30 USER=noor.fatima LAB=lab208 HOME=/home/noor.fatima
2026-08-18 01:55:00 USER=sajjad.shafiq LAB=lab207 HOME=/home/sajjad.shafiq
2026-08-18 01:58:06 USER=mehedi.hasan LAB=lab204 HOME=/home/mehedi.hasan
2026-08-18 01:59:13 USER=asfiya.umair LAB=lab203 HOME=/home/asfiya.umair
2026-08-18 02:01:35 USER=hamza.bashir LAB=lab203 HOME=/home/hamza.bashir
2026-08-18 02:01:43 USER=muhammad.jahanzaib LAB=lab203 HOME=/home/muhammad.jahanzaib
2026-08-18 02:04:09 USER=rabia.tariq LAB=lab203 HOME=/home/rabia.tariq
2026-08-18 02:04:11 USER=shafaq.zehra LAB=lab203 HOME=/home/shafaq.zehra
2026-08-18 02:04:30 USER=nimat.ullah LAB=lab203 HOME=/home/nimat.ullah
2026-08-18 02:04:41 USER=rabia.tariq LAB=lab202 HOME=/home/rabia.tariq
2026-08-18 02:04:43 USER=mamoona.ijaz LAB=lab203 HOME=/home/mamoona.ijaz
2026-08-18 02:04:46 USER=zunaira.akhtar LAB=lab203 HOME=/home/zunaira.akhtar
2026-08-18 02:05:06 USER=sadia.rafiq LAB=lab203 HOME=/home/sadia.rafiq
2026-08-18 02:05:14 USER=sajjad.shafiq LAB=lab207 HOME=/home/sajjad.shafiq
2026-08-18 02:06:09 USER=shafaq.zehra LAB=lab201 HOME=/home/shafaq.zehra
2026-08-18 02:08:36 USER=muhammad.khan LAB=lab209 HOME=/home/muhammad.khan
2026-08-18 02:09:18 USER=rabia.tariq LAB=lab202 HOME=/home/rabia.tariq
2026-08-18 02:10:27 USER=zunaira.akhtar LAB=lab203 HOME=/home/zunaira.akhtar
2026-08-18 02:12:09 USER=hamza.bashir LAB=lab203 HOME=/home/hamza.bashir
2026-08-18 02:16:52 USER=sajjad.shafiq LAB=lab208 HOME=/home/sajjad.shafiq
2026-08-18 02:19:16 USER=hamza.bashir LAB=lab204 HOME=/home/hamza.bashir
2026-08-18 02:20:11 USER=hamza.bashir LAB=lab205 HOME=/home/hamza.bashir
2026-08-18 02:20:28 USER=hamza.bashir LAB=lab202 HOME=/home/hamza.bashir
2026-08-18 02:22:38 USER=zunaira.akhtar LAB=lab203 HOME=/home/zunaira.akhtar
2026-08-18 02:22:49 USER=mehedi.hasan LAB=lab205 HOME=/home/mehedi.hasan
2026-08-18 02:23:01 USER=sadia.rafiq LAB=lab205 HOME=/home/sadia.rafiq
2026-08-18 02:23:25 USER=mehedi.hasan LAB=lab205 HOME=/home/mehedi.hasan
2026-08-18 02:23:36 USER=arjun.singh LAB=lab208 HOME=/home/arjun.singh
2026-08-18 02:24:05 USER=arjun.singh LAB=lab208 HOME=/home/arjun.singh
2026-08-18 02:25:39 USER=shafaq.zehra LAB=lab201 HOME=/home/shafaq.zehra
2026-08-18 02:26:32 USER=kamaljeet.kaur LAB=lab201 HOME=/home/kamaljeet.kaur
2026-08-18 02:29:25 USER=kamaljeet.kaur LAB=lab201 HOME=/home/kamaljeet.kaur
2026-08-18 02:30:09 USER=muhammad.khan LAB=lab209 HOME=/home/muhammad.khan
2026-08-18 02:30:15 USER=arjun.singh LAB=lab208 HOME=/home/arjun.singh
2026-08-18 02:30:51 USER=zunaira.akhtar LAB=lab203 HOME=/home/zunaira.akhtar
2026-08-18 02:32:41 USER=zunaira.akhtar LAB=lab203 HOME=/home/zunaira.akhtar
2026-08-18 02:34:15 USER=sajjad.shafiq LAB=lab208 HOME=/home/sajjad.shafiq
2026-08-18 02:34:41 USER=hamza.bashir LAB=lab202 HOME=/home/hamza.bashir
2026-08-18 02:34:54 USER=hamza.bashir LAB=lab203 HOME=/home/hamza.bashir
2026-08-18 02:35:00 USER=hamza.bashir LAB=lab204 HOME=/home/hamza.bashir
2026-08-18 02:35:43 USER=mehedi.hasan LAB=lab205 HOME=/home/mehedi.hasan
2026-08-18 02:35:44 USER=erum.malik LAB=lab202 HOME=/home/erum.malik
2026-08-18 02:35:48 USER=zunaira.akhtar LAB=lab203 HOME=/home/zunaira.akhtar
2026-08-18 02:36:04 USER=erum.malik LAB=lab201 HOME=/home/erum.malik
2026-08-18 02:36:31 USER=rabia.tariq LAB=lab202 HOME=/home/rabia.tariq
2026-08-18 02:36:33 USER=babli.mehta LAB=lab202 HOME=/home/babli.mehta
2026-08-18 02:43:25 USER=rabia.tariq LAB=lab202 HOME=/home/rabia.tariq
2026-08-18 02:43:50 USER=sadia.rafiq LAB=lab205 HOME=/home/sadia.rafiq
2026-08-18 02:44:24 USER=sajjad.shafiq LAB=lab208 HOME=/home/sajjad.shafiq
2026-08-18 02:44:45 USER=babli.mehta LAB=lab202 HOME=/home/babli.mehta
2026-08-18 02:44:47 USER=rabia.tariq LAB=lab203 HOME=/home/rabia.tariq
2026-08-18 02:45:28 USER=hamza.bashir LAB=lab204 HOME=/home/hamza.bashir
2026-08-18 02:47:14 USER=sadia.rafiq LAB=lab205 HOME=/home/sadia.rafiq
2026-08-18 02:47:24 USER=babli.mehta LAB=lab202 HOME=/home/babli.mehta
2026-08-18 02:47:32 USER=sajjad.shafiq LAB=lab208 HOME=/home/sajjad.shafiq
2026-08-18 02:48:39 USER=shafaq.zehra LAB=lab201 HOME=/home/shafaq.zehra
2026-08-18 02:49:26 USER=mehedi.hasan LAB=lab205 HOME=/home/mehedi.hasan
2026-08-18 02:49:27 USER=shafaq.zehra LAB=lab201 HOME=/home/shafaq.zehra
2026-08-18 02:50:00 USER=hamza.bashir LAB=lab204 HOME=/home/hamza.bashir
2026-08-18 02:50:15 USER=sajjad.shafiq LAB=lab208 HOME=/home/sajjad.shafiq
2026-08-18 02:50:54 USER=babli.mehta LAB=lab202 HOME=/home/babli.mehta
2026-08-18 02:51:13 USER=shafaq.zehra LAB=lab201 HOME=/home/shafaq.zehra
2026-08-18 02:51:33 USER=hamza.bashir LAB=lab206 HOME=/home/hamza.bashir
2026-08-18 02:52:07 USER=mehedi.hasan LAB=lab205 HOME=/home/mehedi.hasan
2026-08-18 02:52:53 USER=sadia.rafiq LAB=lab205 HOME=/home/sadia.rafiq
2026-08-18 02:53:50 USER=erum.malik LAB=lab201 HOME=/home/erum.malik
2026-08-18 02:55:01 USER=babli.mehta LAB=lab202 HOME=/home/babli.mehta
2026-08-18 02:55:09 USER=zunaira.akhtar LAB=lab203 HOME=/home/zunaira.akhtar
2026-08-18 02:55:15 USER=sadia.rafiq LAB=lab205 HOME=/home/sadia.rafiq
2026-08-18 02:58:36 USER=fathima.sundus LAB=lab201 HOME=/home/fathima.sundus
2026-08-18 02:59:05 USER=saba.akhtar LAB=lab205 HOME=/home/saba.akhtar
2026-08-18 02:59:37 USER=fathima.sundus LAB=lab202 HOME=/home/fathima.sundus
2026-08-18 02:59:38 USER=auroba.ahmad LAB=lab208 HOME=/home/auroba.ahmad
2026-08-18 02:59:41 USER=zunaira.akhtar LAB=lab203 HOME=/home/zunaira.akhtar
2026-08-18 02:59:51 USER=zunaira.akhtar LAB=lab203 HOME=/home/zunaira.akhtar
2026-08-18 03:01:59 USER=zunaira.akhtar LAB=lab203 HOME=/home/zunaira.akhtar
2026-08-18 03:02:25 USER=zunaira.akhtar LAB=lab203 HOME=/home/zunaira.akhtar
2026-08-18 03:02:34 USER=fathima.sundus LAB=lab204 HOME=/home/fathima.sundus
2026-08-18 03:02:59 USER=fathima.sundus LAB=lab203 HOME=/home/fathima.sundus
2026-08-18 03:03:47 USER=fathima.sundus LAB=lab202 HOME=/home/fathima.sundus
2026-08-18 03:05:30 USER=shafaq.zehra LAB=lab201 HOME=/home/shafaq.zehra
2026-08-18 03:06:34 USER=shafaq.zehra LAB=lab202 HOME=/home/shafaq.zehra
2026-08-18 03:09:09 USER=aqsa.mian LAB=lab202 HOME=/home/aqsa.mian
2026-08-18 03:11:39 USER=aqsa.mian LAB=lab202 HOME=/home/aqsa.mian
2026-08-18 03:12:18 USER=sadia.rafiq LAB=lab205 HOME=/home/sadia.rafiq
2026-08-18 03:12:25 USER=sajjad.shafiq LAB=lab208 HOME=/home/sajjad.shafiq
2026-08-18 03:14:18 USER=babli.mehta LAB=lab201 HOME=/home/babli.mehta
2026-08-18 03:14:23 USER=rupinder.kaur LAB=lab208 HOME=/home/rupinder.kaur
2026-08-18 03:15:08 USER=aqsa.mian LAB=lab202 HOME=/home/aqsa.mian
2026-08-18 03:15:25 USER=aqsa.mian LAB=lab201 HOME=/home/aqsa.mian
2026-08-18 03:24:57 USER=muhammad.khan LAB=lab209 HOME=/home/muhammad.khan
2026-08-18 03:27:00 USER=babli.mehta LAB=lab201 HOME=/home/babli.mehta
2026-08-18 03:30:18 USER=babli.mehta LAB=lab201 HOME=/home/babli.mehta
2026-08-18 03:33:05 USER=babli.mehta LAB=lab201 HOME=/home/babli.mehta
2026-08-18 03:34:42 USER=babli.mehta LAB=lab201 HOME=/home/babli.mehta
2026-08-18 03:41:38 USER=muhammad.khan LAB=lab101 HOME=/home/muhammad.khan
2026-08-18 03:42:22 USER=muhammad.khan LAB=lab101 HOME=/home/muhammad.khan
2026-08-18 03:42:52 USER=zara.khan LAB=lab208 HOME=/home/zara.khan
2026-08-18 03:47:04 USER=saba.nawaz LAB=lab208 HOME=/home/saba.nawaz
2026-08-18 03:47:37 USER=awais.ahmed LAB=lab208 HOME=/home/awais.ahmed
2026-08-18 03:53:23 USER=nimat.ullah LAB=lab204 HOME=/home/nimat.ullah
2026-08-18 03:58:53 USER=babli.mehta LAB=lab203 HOME=/home/babli.mehta
2026-08-18 03:59:27 USER=babli.mehta LAB=lab203 HOME=/home/babli.mehta
2026-08-18 04:01:19 USER=babli.mehta LAB=lab203 HOME=/home/babli.mehta
2026-08-18 04:03:34 USER=fakhr.rabbani LAB=lab207 HOME=/home/fakhr.rabbani
2026-08-18 04:04:26 USER=asfiya.umair LAB=lab204 HOME=/home/asfiya.umair
2026-08-18 04:04:37 USER=asfiya.umair LAB=lab202 HOME=/home/asfiya.umair
2026-08-18 04:04:49 USER=asfiya.umair LAB=lab203 HOME=/home/asfiya.umair
2026-08-18 04:06:40 USER=auroba.ahmad LAB=lab208 HOME=/home/auroba.ahmad
2026-08-18 04:07:49 USER=auroba.ahmad LAB=lab209 HOME=/home/auroba.ahmad
2026-08-18 04:08:27 USER=auroba.ahmad LAB=lab209 HOME=/home/auroba.ahmad
2026-08-18 04:09:07 USER=asfiya.umair LAB=lab201 HOME=/home/asfiya.umair
2026-08-18 04:10:29 USER=asfiya.umair LAB=lab201 HOME=/home/asfiya.umair
2026-08-18 04:10:46 USER=fathima.sundus LAB=lab202 HOME=/home/fathima.sundus
2026-08-18 04:11:39 USER=asfiya.umair LAB=lab201 HOME=/home/asfiya.umair
2026-08-18 04:14:50 USER=raza.ali LAB=lab209 HOME=/home/raza.ali
2026-08-18 04:16:52 USER=asfiya.umair LAB=lab201 HOME=/home/asfiya.umair
2026-08-18 04:17:49 USER=asfiya.umair LAB=lab201 HOME=/home/asfiya.umair
2026-08-18 04:20:17 USER=raza.ali LAB=lab209 HOME=/home/raza.ali
2026-08-18 04:21:12 USER=raza.ali LAB=lab209 HOME=/home/raza.ali
2026-08-18 04:21:26 USER=asfiya.umair LAB=lab201 HOME=/home/asfiya.umair
2026-08-18 04:23:47 USER=asfiya.umair LAB=lab201 HOME=/home/asfiya.umair
2026-08-18 04:24:17 USER=raza.ali LAB=lab209 HOME=/home/raza.ali
2026-08-18 04:25:06 USER=asfiya.umair LAB=lab201 HOME=/home/asfiya.umair
2026-08-18 04:25:08 USER=raza.ali LAB=lab209 HOME=/home/raza.ali
2026-08-18 04:25:50 USER=asfiya.umair LAB=lab201 HOME=/home/asfiya.umair
2026-08-18 04:26:16 USER=raza.ali LAB=lab209 HOME=/home/raza.ali
2026-08-18 04:27:32 USER=raza.ali LAB=lab209 HOME=/home/raza.ali
2026-08-18 04:27:56 USER=hamza.bashir LAB=lab205 HOME=/home/hamza.bashir
2026-08-18 04:28:34 USER=asfiya.umair LAB=lab201 HOME=/home/asfiya.umair
2026-08-18 04:28:45 USER=harinderpreet.kaur LAB=lab201 HOME=/home/harinderpreet.kaur
2026-08-18 04:29:20 USER=raza.ali LAB=lab209 HOME=/home/raza.ali
2026-08-18 04:30:30 USER=raza.ali LAB=lab209 HOME=/home/raza.ali
2026-08-18 04:31:22 USER=asfiya.umair LAB=lab201 HOME=/home/asfiya.umair
2026-08-18 04:32:44 USER=hamza.bashir LAB=lab205 HOME=/home/hamza.bashir
2026-08-18 04:33:07 USER=zara.khan LAB=lab208 HOME=/home/zara.khan
2026-08-18 04:34:17 USER=hamza.bashir LAB=lab205 HOME=/home/hamza.bashir
2026-08-18 04:35:01 USER=hamza.bashir LAB=lab205 HOME=/home/hamza.bashir
2026-08-18 04:35:19 USER=hamza.bashir LAB=lab206 HOME=/home/hamza.bashir
2026-08-18 04:35:27 USER=hamza.bashir LAB=lab204 HOME=/home/hamza.bashir
2026-08-18 04:35:34 USER=hamza.bashir LAB=lab203 HOME=/home/hamza.bashir
2026-08-18 04:35:42 USER=hamza.bashir LAB=lab202 HOME=/home/hamza.bashir
2026-08-18 04:35:51 USER=hamza.bashir LAB=lab201 HOME=/home/hamza.bashir
2026-08-18 04:37:36 USER=nabila.dass LAB=lab205 HOME=/home/nabila.dass
2026-08-18 04:40:10 USER=nabila.dass LAB=lab205 HOME=/home/nabila.dass
2026-08-18 04:40:51 USER=asfiya.umair LAB=lab201 HOME=/home/asfiya.umair
2026-08-18 04:43:32 USER=nabila.dass LAB=lab205 HOME=/home/nabila.dass
2026-08-18 04:43:50 USER=asfiya.umair LAB=lab201 HOME=/home/asfiya.umair
2026-08-18 04:45:13 USER=asfiya.umair LAB=lab201 HOME=/home/asfiya.umair
2026-08-18 04:46:12 USER=harinderpreet.kaur LAB=lab201 HOME=/home/harinderpreet.kaur
2026-08-18 04:46:47 USER=asfiya.umair LAB=lab201 HOME=/home/asfiya.umair
2026-08-18 04:49:11 USER=asfiya.umair LAB=lab201 HOME=/home/asfiya.umair
2026-08-18 04:50:32 USER=asfiya.umair LAB=lab201 HOME=/home/asfiya.umair
2026-08-18 04:55:01 USER=asfiya.umair LAB=lab201 HOME=/home/asfiya.umair
2026-08-18 04:55:37 USER=shafaq.zehra LAB=lab201 HOME=/home/shafaq.zehra
2026-08-18 04:58:15 USER=shafaq.zehra LAB=lab202 HOME=/home/shafaq.zehra
2026-08-18 04:59:34 USER=asfiya.umair LAB=lab201 HOME=/home/asfiya.umair
2026-08-18 05:03:16 USER=gurmat.kaur LAB=lab206 HOME=/home/gurmat.kaur
2026-08-18 05:04:58 USER=muhammad.annam LAB=lab208 HOME=/home/muhammad.annam
2026-08-18 05:05:00 USER=awais.sattar LAB=lab207 HOME=/home/awais.sattar
2026-08-18 05:05:46 USER=nabila.dass LAB=lab206 HOME=/home/nabila.dass
2026-08-18 05:08:35 USER=rikza.ali LAB=lab208 HOME=/home/rikza.ali
2026-08-18 05:10:31 USER=harinderpreet.kaur LAB=lab202 HOME=/home/harinderpreet.kaur
2026-08-18 05:16:22 USER=rikza.ali LAB=lab208 HOME=/home/rikza.ali
2026-08-18 05:36:11 USER=harinderpreet.kaur LAB=lab202 HOME=/home/harinderpreet.kaur
2026-08-18 05:36:51 USER=harinderpreet.kaur LAB=lab202 HOME=/home/harinderpreet.kaur
2026-08-18 05:44:40 USER=ali.raza LAB=lab208 HOME=/home/ali.raza
2026-08-18 05:48:22 USER=harinderpreet.kaur LAB=lab202 HOME=/home/harinderpreet.kaur
2026-08-18 05:51:18 USER=ali.raza LAB=lab208 HOME=/home/ali.raza
2026-08-18 05:53:22 USER=harinderpreet.kaur LAB=lab202 HOME=/home/harinderpreet.kaur
2026-08-18 06:02:11 USER=shafaq.zehra LAB=lab202 HOME=/home/shafaq.zehra
2026-08-18 06:10:09 USER=harinderpreet.kaur LAB=lab202 HOME=/home/harinderpreet.kaur
2026-08-18 06:18:20 USER=harinderpreet.kaur LAB=lab202 HOME=/home/harinderpreet.kaur
2026-08-18 06:21:43 USER=talha.zubair LAB=lab208 HOME=/home/talha.zubair
2026-08-18 06:22:43 USER=talha.zubair LAB=lab208 HOME=/home/talha.zubair
2026-08-18 06:23:20 USER=ali.raza LAB=lab208 HOME=/home/ali.raza
2026-08-18 06:24:15 USER=ali.raza LAB=lab208 HOME=/home/ali.raza
2026-08-18 06:26:25 USER=ali.raza LAB=lab209 HOME=/home/ali.raza
2026-08-18 06:27:07 USER=harinderpreet.kaur LAB=lab202 HOME=/home/harinderpreet.kaur
2026-08-18 06:27:44 USER=harinderpreet.kaur LAB=lab202 HOME=/home/harinderpreet.kaur
2026-08-18 06:33:43 USER=ali.raza LAB=lab208 HOME=/home/ali.raza
2026-08-18 06:44:15 USER=ali.raza LAB=lab208 HOME=/home/ali.raza
2026-08-18 06:46:37 USER=ali.raza LAB=lab208 HOME=/home/ali.raza
2026-08-18 06:48:39 USER=ali.raza LAB=lab208 HOME=/home/ali.raza
2026-08-18 06:50:53 USER=ali.raza LAB=lab101 HOME=/home/ali.raza
2026-08-18 07:07:56 USER=muhammad.khan LAB=lab101 HOME=/home/muhammad.khan
2026-08-18 08:04:32 USER=zunaira.akhtar LAB=lab201 HOME=/home/zunaira.akhtar
2026-08-18 08:09:43 USER=zunaira.akhtar LAB=lab201 HOME=/home/zunaira.akhtar
2026-08-18 08:12:01 USER=zunaira.akhtar LAB=lab201 HOME=/home/zunaira.akhtar
2026-08-18 08:12:58 USER=alina.muukhtar LAB=lab204 HOME=/home/alina.muukhtar
2026-08-18 08:15:13 USER=zunaira.akhtar LAB=lab201 HOME=/home/zunaira.akhtar
2026-08-18 08:16:27 USER=zunaira.akhtar LAB=lab201 HOME=/home/zunaira.akhtar
2026-08-18 08:18:17 USER=zunaira.akhtar LAB=lab201 HOME=/home/zunaira.akhtar
2026-08-18 08:24:43 USER=zunaira.akhtar LAB=lab201 HOME=/home/zunaira.akhtar
2026-08-18 08:30:08 USER=zunaira.akhtar LAB=lab201 HOME=/home/zunaira.akhtar
2026-08-18 08:41:49 USER=zunaira.akhtar LAB=lab201 HOME=/home/zunaira.akhtar
2026-08-18 08:54:34 USER=zunaira.akhtar LAB=lab201 HOME=/home/zunaira.akhtar
2026-08-18 09:12:11 USER=alina.muukhtar LAB=lab204 HOME=/home/alina.muukhtar
2026-08-18 09:12:26 USER=alina.muukhtar LAB=lab205 HOME=/home/alina.muukhtar
2026-08-18 09:12:45 USER=alina.muukhtar LAB=lab205 HOME=/home/alina.muukhtar
2026-08-18 09:46:20 USER=zunaira.akhtar LAB=lab202 HOME=/home/zunaira.akhtar
2026-08-18 09:52:43 USER=nazmeen.faryad LAB=lab208 HOME=/home/nazmeen.faryad
2026-08-18 10:14:07 USER=nazmeen.faryad LAB=lab209 HOME=/home/nazmeen.faryad
2026-08-18 10:21:10 USER=zunaira.akhtar LAB=lab203 HOME=/home/zunaira.akhtar
2026-08-18 10:25:10 USER=zunaira.akhtar LAB=lab203 HOME=/home/zunaira.akhtar
2026-08-18 10:27:09 USER=nazmeen.faryad LAB=lab209 HOME=/home/nazmeen.faryad
2026-08-18 10:29:43 USER=nazmeen.faryad LAB=lab209 HOME=/home/nazmeen.faryad
2026-08-18 10:31:23 USER=nazmeen.faryad LAB=lab209 HOME=/home/nazmeen.faryad
2026-08-18 10:32:37 USER=nazmeen.faryad LAB=lab209 HOME=/home/nazmeen.faryad
2026-08-18 11:08:33 USER=nazmeen.faryad LAB=lab209 HOME=/home/nazmeen.faryad
2026-08-18 11:12:36 USER=nazmeen.faryad LAB=lab209 HOME=/home/nazmeen.faryad
2026-08-18 11:16:55 USER=nazmeen.faryad LAB=lab209 HOME=/home/nazmeen.faryad
2026-08-18 11:20:01 USER=nazmeen.faryad LAB=lab209 HOME=/home/nazmeen.faryad
2026-08-18 13:06:11 USER=hajra.iftikhar LAB=lab205 HOME=/home/hajra.iftikhar
2026-08-18 13:10:21 USER=hajra.iftikhar LAB=lab205 HOME=/home/hajra.iftikhar
2026-08-18 13:18:42 USER=hajra.iftikhar LAB=lab205 HOME=/home/hajra.iftikhar
2026-08-18 13:27:41 USER=hajra.iftikhar LAB=lab205 HOME=/home/hajra.iftikhar
2026-08-18 13:29:41 USER=hajra.iftikhar LAB=lab205 HOME=/home/hajra.iftikhar
2026-08-18 13:32:00 USER=hajra.iftikhar LAB=lab205 HOME=/home/hajra.iftikhar
2026-08-18 13:46:04 USER=asfiya.umair LAB=lab201 HOME=/home/asfiya.umair
2026-08-18 13:48:33 USER=ayshsa.iqbal LAB=lab201 HOME=/home/ayshsa.iqbal
2026-08-18 13:51:44 USER=asfiya.umair LAB=lab201 HOME=/home/asfiya.umair
2026-08-18 13:53:56 USER=asfiya.umair LAB=lab201 HOME=/home/asfiya.umair
2026-08-18 13:53:57 USER=hajra.iftikhar LAB=lab205 HOME=/home/hajra.iftikhar
2026-08-18 14:01:32 USER=asfiya.umair LAB=lab201 HOME=/home/asfiya.umair
2026-08-18 14:02:07 USER=waleed.javed LAB=lab208 HOME=/home/waleed.javed
2026-08-18 14:02:31 USER=hajra.iftikhar LAB=lab205 HOME=/home/hajra.iftikhar
2026-08-18 14:03:10 USER=asfiya.umair LAB=lab201 HOME=/home/asfiya.umair
2026-08-18 14:04:55 USER=hajra.iftikhar LAB=lab205 HOME=/home/hajra.iftikhar
2026-08-18 14:06:51 USER=hajra.iftikhar LAB=lab205 HOME=/home/hajra.iftikhar
2026-08-18 14:08:20 USER=asfiya.umair LAB=lab201 HOME=/home/asfiya.umair
2026-08-18 14:08:31 USER=waleed.javed LAB=lab208 HOME=/home/waleed.javed
2026-08-18 14:09:20 USER=hajra.iftikhar LAB=lab205 HOME=/home/hajra.iftikhar
2026-08-18 14:09:27 USER=asfiya.umair LAB=lab201 HOME=/home/asfiya.umair
2026-08-18 14:09:50 USER=hajra.iftikhar LAB=lab204 HOME=/home/hajra.iftikhar
2026-08-18 14:09:59 USER=asfiya.umair LAB=lab208 HOME=/home/asfiya.umair
2026-08-18 14:10:44 USER=hajra.iftikhar LAB=lab206 HOME=/home/hajra.iftikhar
2026-08-18 14:11:03 USER=hajra.iftikhar LAB=lab205 HOME=/home/hajra.iftikhar
2026-08-18 14:11:27 USER=hajra.iftikhar LAB=lab206 HOME=/home/hajra.iftikhar
2026-08-18 14:12:18 USER=waleed.javed LAB=lab208 HOME=/home/waleed.javed
2026-08-18 14:19:00 USER=waleed.javed LAB=lab208 HOME=/home/waleed.javed
2026-08-18 14:19:23 USER=asfiya.umair LAB=lab208 HOME=/home/asfiya.umair
2026-08-18 14:19:58 USER=asfiya.umair LAB=lab208 HOME=/home/asfiya.umair
2026-08-18 14:20:16 USER=waleed.javed LAB=lab208 HOME=/home/waleed.javed
2026-08-18 14:21:40 USER=asfiya.umair LAB=lab201 HOME=/home/asfiya.umair
2026-08-18 14:22:05 USER=asfiya.umair LAB=lab208 HOME=/home/asfiya.umair
2026-08-18 14:27:41 USER=asfiya.umair LAB=lab208 HOME=/home/asfiya.umair
2026-08-18 14:30:20 USER=fathima.sundus LAB=lab202 HOME=/home/fathima.sundus
2026-08-18 14:35:28 USER=waleed.javed LAB=lab208 HOME=/home/waleed.javed
2026-08-18 14:35:30 USER=umaira.zaib LAB=lab203 HOME=/home/umaira.zaib
2026-08-18 14:36:39 USER=asfiya.umair LAB=lab208 HOME=/home/asfiya.umair
2026-08-18 14:44:31 USER=fathima.sundus LAB=lab202 HOME=/home/fathima.sundus
2026-08-18 14:45:02 USER=fathima.sundus LAB=lab202 HOME=/home/fathima.sundus
2026-08-18 14:47:25 USER=fathima.sundus LAB=lab202 HOME=/home/fathima.sundus
2026-08-18 14:48:26 USER=hershey.tripathi LAB=lab202 HOME=/home/hershey.tripathi
2026-08-18 14:51:29 USER=rabia.tariq LAB=lab202 HOME=/home/rabia.tariq
2026-08-18 14:54:18 USER=asfiya.umair LAB=lab208 HOME=/home/asfiya.umair
2026-08-18 15:07:08 USER=alina.muukhtar LAB=lab205 HOME=/home/alina.muukhtar
2026-08-18 15:12:52 USER=waleed.javed LAB=lab208 HOME=/home/waleed.javed
2026-08-18 15:14:15 USER=rabia.tariq LAB=lab202 HOME=/home/rabia.tariq
2026-08-18 15:15:25 USER=hajra.iftikhar LAB=lab205 HOME=/home/hajra.iftikhar
2026-08-18 15:16:24 USER=hajra.iftikhar LAB=lab207 HOME=/home/hajra.iftikhar
2026-08-18 15:19:48 USER=rabia.tariq LAB=lab202 HOME=/home/rabia.tariq
2026-08-18 15:23:38 USER=hajra.iftikhar LAB=lab207 HOME=/home/hajra.iftikhar
2026-08-18 15:33:46 USER=hajra.iftikhar LAB=lab207 HOME=/home/hajra.iftikhar
2026-08-18 15:43:08 USER=hajra.iftikhar LAB=lab207 HOME=/home/hajra.iftikhar
2026-08-18 15:47:29 USER=muhammad.bilal LAB=lab207 HOME=/home/muhammad.bilal
2026-08-18 15:55:05 USER=asfiya.umair LAB=lab208 HOME=/home/asfiya.umair
2026-08-18 15:56:38 USER=nakhal.iqbal LAB=lab202 HOME=/home/nakhal.iqbal
2026-08-18 16:01:20 USER=alina.muukhtar LAB=lab206 HOME=/home/alina.muukhtar
2026-08-18 16:12:15 USER=kamaljeet.kaur LAB=lab202 HOME=/home/kamaljeet.kaur
2026-08-18 16:14:46 USER=alina.muukhtar LAB=lab206 HOME=/home/alina.muukhtar
2026-08-18 16:16:51 USER=hajra.iftikhar LAB=lab208 HOME=/home/hajra.iftikhar
2026-08-18 16:19:44 USER=janit.rashid LAB=lab207 HOME=/home/janit.rashid
2026-08-18 16:20:13 USER=hajra.iftikhar LAB=lab208 HOME=/home/hajra.iftikhar
2026-08-18 16:23:26 USER=kamaljeet.kaur LAB=lab201 HOME=/home/kamaljeet.kaur
2026-08-18 16:30:05 USER=kamaljeet.kaur LAB=lab202 HOME=/home/kamaljeet.kaur
2026-08-18 16:33:34 USER=rabia.tariq LAB=lab202 HOME=/home/rabia.tariq
2026-08-18 16:35:20 USER=hajra.iftikhar LAB=lab208 HOME=/home/hajra.iftikhar
2026-08-18 16:36:42 USER=rabia.tariq LAB=lab202 HOME=/home/rabia.tariq
2026-08-18 16:36:42 USER=hajra.iftikhar LAB=lab208 HOME=/home/hajra.iftikhar
2026-08-18 16:40:10 USER=rabia.tariq LAB=lab202 HOME=/home/rabia.tariq
2026-08-18 16:41:04 USER=alina.muukhtar LAB=lab206 HOME=/home/alina.muukhtar
2026-08-18 16:43:26 USER=hajra.iftikhar LAB=lab208 HOME=/home/hajra.iftikhar
2026-08-18 16:44:33 USER=hajra.iftikhar LAB=lab208 HOME=/home/hajra.iftikhar
2026-08-18 16:49:09 USER=hajra.iftikhar LAB=lab208 HOME=/home/hajra.iftikhar
2026-08-18 16:49:34 USER=rabia.tariq LAB=lab202 HOME=/home/rabia.tariq
2026-08-18 16:51:44 USER=rabia.tariq LAB=lab202 HOME=/home/rabia.tariq
2026-08-18 16:55:08 USER=hajra.iftikhar LAB=lab208 HOME=/home/hajra.iftikhar
2026-08-18 16:56:57 USER=rabia.tariq LAB=lab202 HOME=/home/rabia.tariq
2026-08-18 16:57:17 USER=rabia.tariq LAB=lab203 HOME=/home/rabia.tariq
2026-08-18 16:59:12 USER=rabia.tariq LAB=lab203 HOME=/home/rabia.tariq
2026-08-18 17:01:10 USER=rabia.tariq LAB=lab203 HOME=/home/rabia.tariq
2026-08-18 17:01:14 USER=hajra.iftikhar LAB=lab208 HOME=/home/hajra.iftikhar
2026-08-18 17:12:50 USER=waqar.zahoor LAB=lab209 HOME=/home/waqar.zahoor
2026-08-18 17:13:16 USER=waqar.zahoor LAB=lab201 HOME=/home/waqar.zahoor
2026-08-18 17:14:04 USER=waqar.zahoor LAB=lab202 HOME=/home/waqar.zahoor
2026-08-18 17:14:27 USER=waqar.zahoor LAB=lab203 HOME=/home/waqar.zahoor
2026-08-18 17:14:46 USER=waqar.zahoor LAB=lab204 HOME=/home/waqar.zahoor
2026-08-18 17:15:13 USER=waqar.zahoor LAB=lab205 HOME=/home/waqar.zahoor
2026-08-18 17:15:22 USER=umaira.zaib LAB=lab201 HOME=/home/umaira.zaib
2026-08-18 17:15:44 USER=waqar.zahoor LAB=lab202 HOME=/home/waqar.zahoor
2026-08-18 17:16:17 USER=alina.muukhtar LAB=lab206 HOME=/home/alina.muukhtar
2026-08-18 17:16:25 USER=waqar.zahoor LAB=lab205 HOME=/home/waqar.zahoor
2026-08-18 17:16:33 USER=waqar.zahoor LAB=lab206 HOME=/home/waqar.zahoor
2026-08-18 17:16:47 USER=waqar.zahoor LAB=lab207 HOME=/home/waqar.zahoor
2026-08-18 17:16:53 USER=rabia.tariq LAB=lab203 HOME=/home/rabia.tariq
2026-08-18 17:17:03 USER=waqar.zahoor LAB=lab208 HOME=/home/waqar.zahoor
2026-08-18 17:17:15 USER=rabia.tariq LAB=lab204 HOME=/home/rabia.tariq
2026-08-18 17:17:42 USER=waqar.zahoor LAB=lab209 HOME=/home/waqar.zahoor
2026-08-18 17:18:01 USER=rabia.tariq LAB=lab204 HOME=/home/rabia.tariq
2026-08-18 17:22:42 USER=rabia.tariq LAB=lab204 HOME=/home/rabia.tariq
2026-08-18 17:24:03 USER=alina.muukhtar LAB=lab206 HOME=/home/alina.muukhtar
2026-08-18 17:24:27 USER=raza.ali LAB=lab209 HOME=/home/raza.ali
2026-08-18 17:26:52 USER=nabila.dass LAB=lab207 HOME=/home/nabila.dass
2026-08-18 17:27:06 USER=rabia.tariq LAB=lab204 HOME=/home/rabia.tariq
2026-08-18 17:27:42 USER=rabia.tariq LAB=lab206 HOME=/home/rabia.tariq
2026-08-18 17:31:13 USER=muhammad.usman LAB=lab201 HOME=/home/muhammad.usman
2026-08-18 17:31:24 USER=waqar.zahoor LAB=lab203 HOME=/home/waqar.zahoor
2026-08-18 17:32:07 USER=waleed.javed LAB=lab208 HOME=/home/waleed.javed
2026-08-18 17:34:24 USER=waqar.zahoor LAB=lab203 HOME=/home/waqar.zahoor
2026-08-18 17:34:59 USER=waqar.zahoor LAB=lab201 HOME=/home/waqar.zahoor
2026-08-18 17:37:35 USER=rabia.tariq LAB=lab206 HOME=/home/rabia.tariq
2026-08-18 17:38:11 USER=rabia.tariq LAB=lab205 HOME=/home/rabia.tariq
2026-08-18 17:38:50 USER=asfiya.umair LAB=lab209 HOME=/home/asfiya.umair
2026-08-18 17:38:59 USER=muhammad.usman LAB=lab201 HOME=/home/muhammad.usman
2026-08-18 17:39:45 USER=waqar.zahoor LAB=lab201 HOME=/home/waqar.zahoor
2026-08-18 17:43:04 USER=muhammad.usman LAB=lab201 HOME=/home/muhammad.usman
2026-08-18 17:45:22 USER=rabia.tariq LAB=lab205 HOME=/home/rabia.tariq
2026-08-18 17:48:26 USER=lubna.nazir LAB=lab207 HOME=/home/lubna.nazir
2026-08-18 17:50:21 USER=rabia.tariq LAB=lab205 HOME=/home/rabia.tariq
2026-08-18 17:51:41 USER=alina.muukhtar LAB=lab207 HOME=/home/alina.muukhtar
2026-08-18 17:52:45 USER=waleed.javed LAB=lab208 HOME=/home/waleed.javed
2026-08-18 17:56:33 USER=janit.rashid LAB=lab208 HOME=/home/janit.rashid
2026-08-18 17:56:47 USER=waleed.javed LAB=lab208 HOME=/home/waleed.javed
2026-08-18 17:57:13 USER=waqar.zahoor LAB=lab203 HOME=/home/waqar.zahoor
2026-08-18 17:57:47 USER=waqar.zahoor LAB=lab201 HOME=/home/waqar.zahoor
2026-08-18 17:57:56 USER=raza.ali LAB=lab201 HOME=/home/raza.ali
2026-08-18 18:03:29 USER=rabia.tariq LAB=lab205 HOME=/home/rabia.tariq
2026-08-18 18:09:24 USER=waqar.zahoor LAB=lab201 HOME=/home/waqar.zahoor
2026-08-18 18:10:39 USER=kashif.zaman LAB=lab207 HOME=/home/kashif.zaman
2026-08-18 18:10:43 USER=muhammad.bilal LAB=lab208 HOME=/home/muhammad.bilal
2026-08-18 18:14:06 USER=waqar.zahoor LAB=lab201 HOME=/home/waqar.zahoor
2026-08-18 18:16:50 USER=ahmed.mohammed LAB=lab208 HOME=/home/ahmed.mohammed
2026-08-18 18:19:22 USER=sana.abbasi LAB=lab203 HOME=/home/sana.abbasi
2026-08-18 18:19:33 USER=sana.abbasi LAB=lab204 HOME=/home/sana.abbasi
2026-08-18 18:19:55 USER=sana.abbasi LAB=lab205 HOME=/home/sana.abbasi
2026-08-18 18:22:00 USER=muhammad.usman LAB=lab201 HOME=/home/muhammad.usman
2026-08-18 18:27:17 USER=waqar.zahoor LAB=lab208 HOME=/home/waqar.zahoor
2026-08-18 18:28:15 USER=raza.ali LAB=lab205 HOME=/home/raza.ali
2026-08-18 18:31:16 USER=rupinder.kaur LAB=lab209 HOME=/home/rupinder.kaur
2026-08-18 18:31:19 USER=sadia.rafiq LAB=lab205 HOME=/home/sadia.rafiq
2026-08-18 18:31:44 USER=harinderpreet.kaur LAB=lab202 HOME=/home/harinderpreet.kaur
2026-08-18 18:36:06 USER=muhammad.usman LAB=lab201 HOME=/home/muhammad.usman
2026-08-18 18:41:39 USER=harinderpreet.kaur LAB=lab202 HOME=/home/harinderpreet.kaur
2026-08-18 18:42:50 USER=ayesha.abdullah LAB=lab209 HOME=/home/ayesha.abdullah
2026-08-18 18:43:29 USER=waqar.zahoor LAB=lab205 HOME=/home/waqar.zahoor
2026-08-18 18:43:48 USER=ayesha.abdullah LAB=lab209 HOME=/home/ayesha.abdullah
2026-08-18 18:45:24 USER=waqar.zahoor LAB=lab205 HOME=/home/waqar.zahoor
2026-08-18 18:45:51 USER=muhammad.usman LAB=lab201 HOME=/home/muhammad.usman
2026-08-18 18:50:51 USER=waqar.zahoor LAB=lab205 HOME=/home/waqar.zahoor
2026-08-18 18:52:15 USER=rabia.tariq LAB=lab205 HOME=/home/rabia.tariq
2026-08-18 18:56:59 USER=sadia.rafiq LAB=lab205 HOME=/home/sadia.rafiq
2026-08-18 18:57:45 USER=harinderpreet.kaur LAB=lab202 HOME=/home/harinderpreet.kaur
2026-08-18 19:00:08 USER=waqar.zahoor LAB=lab205 HOME=/home/waqar.zahoor
2026-08-18 19:05:11 USER=fatima.tabusum LAB=lab201 HOME=/home/fatima.tabusum
2026-08-18 19:05:22 USER=waqar.zahoor LAB=lab205 HOME=/home/waqar.zahoor
2026-08-18 19:05:44 USER=zara.khan LAB=lab203 HOME=/home/zara.khan
2026-08-18 19:06:21 USER=harinderpreet.kaur LAB=lab202 HOME=/home/harinderpreet.kaur
2026-08-18 19:07:06 USER=zara.khan LAB=lab203 HOME=/home/zara.khan
2026-08-18 19:09:27 USER=sadia.rafiq LAB=lab205 HOME=/home/sadia.rafiq
2026-08-18 19:10:19 USER=ayesha.abdullah LAB=lab209 HOME=/home/ayesha.abdullah
2026-08-18 19:10:56 USER=fatima.tabusum LAB=lab201 HOME=/home/fatima.tabusum
2026-08-18 19:11:41 USER=ayesha.abdullah LAB=lab209 HOME=/home/ayesha.abdullah
2026-08-18 19:12:21 USER=harinderpreet.kaur LAB=lab202 HOME=/home/harinderpreet.kaur
2026-08-18 19:15:29 USER=waqar.zahoor LAB=lab205 HOME=/home/waqar.zahoor
2026-08-18 19:15:47 USER=waqar.zahoor LAB=lab207 HOME=/home/waqar.zahoor
2026-08-18 19:16:01 USER=harinderpreet.kaur LAB=lab202 HOME=/home/harinderpreet.kaur
2026-08-18 19:16:05 USER=waqar.zahoor LAB=lab202 HOME=/home/waqar.zahoor
2026-08-18 19:16:39 USER=waqar.zahoor LAB=lab209 HOME=/home/waqar.zahoor
2026-08-18 19:17:08 USER=nimrah.nawaz LAB=lab203 HOME=/home/nimrah.nawaz
2026-08-18 19:17:46 USER=waqar.zahoor LAB=lab209 HOME=/home/waqar.zahoor
2026-08-18 19:18:57 USER=ayesha.abdullah LAB=lab209 HOME=/home/ayesha.abdullah
2026-08-18 19:19:05 USER=harinderpreet.kaur LAB=lab202 HOME=/home/harinderpreet.kaur
2026-08-18 19:19:44 USER=rabia.tariq LAB=lab205 HOME=/home/rabia.tariq
2026-08-18 19:20:13 USER=harinderpreet.kaur LAB=lab202 HOME=/home/harinderpreet.kaur
2026-08-18 19:20:40 USER=harinderpreet.kaur LAB=lab202 HOME=/home/harinderpreet.kaur
2026-08-18 19:20:50 USER=janit.rashid LAB=lab209 HOME=/home/janit.rashid
2026-08-18 19:21:07 USER=janit.rashid LAB=lab209 HOME=/home/janit.rashid
2026-08-18 19:21:19 USER=janit.rashid LAB=lab208 HOME=/home/janit.rashid
2026-08-18 19:21:52 USER=janit.rashid LAB=lab209 HOME=/home/janit.rashid
2026-08-18 19:22:05 USER=janit.rashid LAB=lab208 HOME=/home/janit.rashid
2026-08-18 19:22:17 USER=janit.rashid LAB=lab207 HOME=/home/janit.rashid
2026-08-18 19:22:41 USER=janit.rashid LAB=lab206 HOME=/home/janit.rashid
2026-08-18 19:22:52 USER=janit.rashid LAB=lab206 HOME=/home/janit.rashid
2026-08-18 19:23:37 USER=janit.rashid LAB=lab205 HOME=/home/janit.rashid
2026-08-18 19:24:07 USER=janit.rashid LAB=lab204 HOME=/home/janit.rashid
2026-08-18 19:24:08 USER=harinderpreet.kaur LAB=lab202 HOME=/home/harinderpreet.kaur
2026-08-18 19:24:36 USER=ayesha.abdullah LAB=lab209 HOME=/home/ayesha.abdullah
2026-08-18 19:24:45 USER=janit.rashid LAB=lab203 HOME=/home/janit.rashid
2026-08-18 19:25:07 USER=zara.khan LAB=lab201 HOME=/home/zara.khan
2026-08-18 19:25:24 USER=sadia.rafiq LAB=lab206 HOME=/home/sadia.rafiq
2026-08-18 19:25:59 USER=harinderpreet.kaur LAB=lab202 HOME=/home/harinderpreet.kaur
2026-08-18 19:26:41 USER=janit.rashid LAB=lab203 HOME=/home/janit.rashid
2026-08-18 19:27:19 USER=janit.rashid LAB=lab203 HOME=/home/janit.rashid
2026-08-18 19:29:50 USER=sadia.rafiq LAB=lab206 HOME=/home/sadia.rafiq
2026-08-18 19:31:27 USER=hasnat.kamal LAB=lab209 HOME=/home/hasnat.kamal
2026-08-18 19:31:54 USER=fatima.tabusum LAB=lab201 HOME=/home/fatima.tabusum
2026-08-18 19:32:47 USER=waqar.zahoor LAB=lab209 HOME=/home/waqar.zahoor
2026-08-18 19:32:59 USER=harinderpreet.kaur LAB=lab202 HOME=/home/harinderpreet.kaur
2026-08-18 19:34:53 USER=muhammad.bilal LAB=lab209 HOME=/home/muhammad.bilal
2026-08-18 19:34:57 USER=waqar.zahoor LAB=lab209 HOME=/home/waqar.zahoor
2026-08-18 19:37:50 USER=waqar.zahoor LAB=lab209 HOME=/home/waqar.zahoor
2026-08-18 19:38:32 USER=muhammad.usman LAB=lab202 HOME=/home/muhammad.usman
2026-08-18 19:39:29 USER=nimrah.nawaz LAB=lab204 HOME=/home/nimrah.nawaz
2026-08-18 19:40:48 USER=fatima.tabusum LAB=lab201 HOME=/home/fatima.tabusum
2026-08-18 19:41:10 USER=sana.abbasi LAB=lab205 HOME=/home/sana.abbasi
2026-08-18 19:42:01 USER=sadia.rafiq LAB=lab206 HOME=/home/sadia.rafiq
2026-08-18 19:42:38 USER=muhammad.usman LAB=lab202 HOME=/home/muhammad.usman
2026-08-18 19:42:47 USER=zara.khan LAB=lab202 HOME=/home/zara.khan
2026-08-18 19:43:59 USER=muhammad.usman LAB=lab202 HOME=/home/muhammad.usman
2026-08-18 19:44:44 USER=muhammad.usman LAB=lab202 HOME=/home/muhammad.usman
2026-08-18 19:45:22 USER=sana.abbasi LAB=lab205 HOME=/home/sana.abbasi
2026-08-18 19:46:11 USER=muhammad.usman LAB=lab202 HOME=/home/muhammad.usman
2026-08-18 19:47:25 USER=muhammad.usman LAB=lab101 HOME=/home/muhammad.usman
2026-08-18 19:47:34 USER=harinderpreet.kaur LAB=lab202 HOME=/home/harinderpreet.kaur
2026-08-18 19:48:17 USER=muhammad.usman LAB=lab101 HOME=/home/muhammad.usman
2026-08-18 19:48:27 USER=raza.ali LAB=lab209 HOME=/home/raza.ali
2026-08-18 19:51:32 USER=harinderpreet.kaur LAB=lab202 HOME=/home/harinderpreet.kaur
2026-08-18 19:54:17 USER=sana.abbasi LAB=lab205 HOME=/home/sana.abbasi
2026-08-18 19:54:17 USER=muhammad.bilal LAB=lab209 HOME=/home/muhammad.bilal
2026-08-18 19:54:32 USER=waqar.zahoor LAB=lab209 HOME=/home/waqar.zahoor
2026-08-18 19:55:19 USER=waqar.zahoor LAB=lab209 HOME=/home/waqar.zahoor
2026-08-18 19:56:55 USER=harinderpreet.kaur LAB=lab202 HOME=/home/harinderpreet.kaur
2026-08-18 19:57:38 USER=raza.ali LAB=lab209 HOME=/home/raza.ali
2026-08-18 19:58:31 USER=sana.abbasi LAB=lab205 HOME=/home/sana.abbasi
2026-08-18 19:58:56 USER=muhammad.bilal LAB=lab209 HOME=/home/muhammad.bilal
2026-08-18 20:01:00 USER=raza.ali LAB=lab209 HOME=/home/raza.ali
2026-08-18 20:01:26 USER=rabia.tariq LAB=lab205 HOME=/home/rabia.tariq
2026-08-18 20:03:50 USER=ayesha.abdullah LAB=lab208 HOME=/home/ayesha.abdullah
2026-08-18 20:06:42 USER=raza.ali LAB=lab209 HOME=/home/raza.ali
2026-08-18 20:07:23 USER=raza.ali LAB=lab209 HOME=/home/raza.ali
2026-08-18 20:08:58 USER=harinderpreet.kaur LAB=lab203 HOME=/home/harinderpreet.kaur
2026-08-18 20:10:23 USER=harinderpreet.kaur LAB=lab203 HOME=/home/harinderpreet.kaur
2026-08-18 20:10:59 USER=muhammad.usman LAB=lab203 HOME=/home/muhammad.usman
2026-08-18 20:11:29 USER=kamaljeet.kaur LAB=lab202 HOME=/home/kamaljeet.kaur
2026-08-18 20:11:30 USER=waqar.zahoor LAB=lab209 HOME=/home/waqar.zahoor
2026-08-18 20:12:22 USER=harinderpreet.kaur LAB=lab203 HOME=/home/harinderpreet.kaur
2026-08-18 20:12:34 USER=waqar.zahoor LAB=lab208 HOME=/home/waqar.zahoor
2026-08-18 20:12:37 USER=muhammad.usman LAB=lab203 HOME=/home/muhammad.usman
2026-08-18 20:15:02 USER=kamaljeet.kaur LAB=lab202 HOME=/home/kamaljeet.kaur
2026-08-18 20:15:50 USER=ayesha.abdullah LAB=lab207 HOME=/home/ayesha.abdullah
2026-08-18 20:16:13 USER=kamaljeet.kaur LAB=lab202 HOME=/home/kamaljeet.kaur
2026-08-18 20:16:37 USER=waqar.zahoor LAB=lab208 HOME=/home/waqar.zahoor
2026-08-18 20:18:51 USER=sadia.rafiq LAB=lab206 HOME=/home/sadia.rafiq
2026-08-18 20:19:15 USER=muhammad.usman LAB=lab203 HOME=/home/muhammad.usman
2026-08-18 20:20:13 USER=harinderpreet.kaur LAB=lab203 HOME=/home/harinderpreet.kaur
2026-08-18 20:24:01 USER=muhammad.usman LAB=lab203 HOME=/home/muhammad.usman
2026-08-18 20:24:43 USER=harinderpreet.kaur LAB=lab203 HOME=/home/harinderpreet.kaur
2026-08-18 20:27:17 USER=waqar.zahoor LAB=lab208 HOME=/home/waqar.zahoor
2026-08-18 20:27:39 USER=muhammad.usman LAB=lab208 HOME=/home/muhammad.usman
2026-08-18 20:28:30 USER=harinderpreet.kaur LAB=lab203 HOME=/home/harinderpreet.kaur
2026-08-18 20:29:12 USER=muhammad.usman LAB=lab208 HOME=/home/muhammad.usman
2026-08-18 20:30:54 USER=sadia.rafiq LAB=lab206 HOME=/home/sadia.rafiq
2026-08-18 20:33:18 USER=kamaljeet.kaur LAB=lab203 HOME=/home/kamaljeet.kaur
2026-08-18 20:34:25 USER=kamaljeet.kaur LAB=lab203 HOME=/home/kamaljeet.kaur
2026-08-18 20:38:21 USER=waqar.zahoor LAB=lab208 HOME=/home/waqar.zahoor
2026-08-18 20:38:30 USER=harinderpreet.kaur LAB=lab203 HOME=/home/harinderpreet.kaur
2026-08-18 20:38:39 USER=kamaljeet.kaur LAB=lab203 HOME=/home/kamaljeet.kaur
2026-08-18 20:39:53 USER=muhammad.usman LAB=lab208 HOME=/home/muhammad.usman
2026-08-18 20:40:28 USER=harinderpreet.kaur LAB=lab204 HOME=/home/harinderpreet.kaur
2026-08-18 20:40:41 USER=kamaljeet.kaur LAB=lab204 HOME=/home/kamaljeet.kaur
2026-08-18 20:42:01 USER=muhammad.usman LAB=lab208 HOME=/home/muhammad.usman
2026-08-18 20:42:18 USER=waqar.zahoor LAB=lab208 HOME=/home/waqar.zahoor
2026-08-18 20:43:15 USER=ayesha.abdullah LAB=lab206 HOME=/home/ayesha.abdullah
2026-08-18 20:43:38 USER=ayesha.abdullah LAB=lab206 HOME=/home/ayesha.abdullah
2026-08-18 20:43:54 USER=ayesha.abdullah LAB=lab206 HOME=/home/ayesha.abdullah
2026-08-18 20:44:55 USER=muhammad.usman LAB=lab208 HOME=/home/muhammad.usman
2026-08-18 20:48:30 USER=sadia.rafiq LAB=lab206 HOME=/home/sadia.rafiq
2026-08-18 20:51:21 USER=hajra.iftikhar LAB=lab208 HOME=/home/hajra.iftikhar
2026-08-18 20:52:25 USER=waqar.zahoor LAB=lab208 HOME=/home/waqar.zahoor
2026-08-18 20:52:29 USER=muhammad.usman LAB=lab208 HOME=/home/muhammad.usman
2026-08-18 20:52:59 USER=sadia.rafiq LAB=lab206 HOME=/home/sadia.rafiq
2026-08-18 20:56:57 USER=waqar.zahoor LAB=lab208 HOME=/home/waqar.zahoor
2026-08-18 21:01:15 USER=anas.khan LAB=lab209 HOME=/home/anas.khan
2026-08-18 21:01:19 USER=muhammad.jahanzaib LAB=lab204 HOME=/home/muhammad.jahanzaib
2026-08-18 21:01:48 USER=anas.khan LAB=lab209 HOME=/home/anas.khan
2026-08-18 21:02:11 USER=sadia.rafiq LAB=lab206 HOME=/home/sadia.rafiq
2026-08-18 21:03:34 USER=nabila.dass LAB=lab208 HOME=/home/nabila.dass
2026-08-18 21:04:22 USER=sadia.rafiq LAB=lab206 HOME=/home/sadia.rafiq
2026-08-18 21:06:52 USER=muhammad.usman LAB=lab208 HOME=/home/muhammad.usman
2026-08-18 21:13:14 USER=waqar.zahoor LAB=lab208 HOME=/home/waqar.zahoor
2026-08-18 21:13:25 USER=muhammad.usman LAB=lab208 HOME=/home/muhammad.usman
2026-08-18 21:19:34 USER=lubna.nazir LAB=lab208 HOME=/home/lubna.nazir
2026-08-18 21:20:36 USER=muhammad.usman LAB=lab208 HOME=/home/muhammad.usman
2026-08-18 21:20:36 USER=lubna.nazir LAB=lab208 HOME=/home/lubna.nazir
2026-08-18 21:20:54 USER=muhammad.usman LAB=lab208 HOME=/home/muhammad.usman
2026-08-18 21:21:33 USER=lubna.nazir LAB=lab208 HOME=/home/lubna.nazir
2026-08-18 21:21:57 USER=waqar.zahoor LAB=lab208 HOME=/home/waqar.zahoor
2026-08-18 21:21:58 USER=kamaljeet.kaur LAB=lab204 HOME=/home/kamaljeet.kaur
2026-08-18 21:24:49 USER=muhammad.usman LAB=lab208 HOME=/home/muhammad.usman
2026-08-18 21:24:59 USER=kamaljeet.kaur LAB=lab204 HOME=/home/kamaljeet.kaur
2026-08-18 21:26:51 USER=muhammad.usman LAB=lab201 HOME=/home/muhammad.usman
2026-08-18 21:27:00 USER=muhammad.usman LAB=lab202 HOME=/home/muhammad.usman
2026-08-18 21:27:08 USER=muhammad.usman LAB=lab203 HOME=/home/muhammad.usman
2026-08-18 21:28:56 USER=waqar.zahoor LAB=lab208 HOME=/home/waqar.zahoor
2026-08-18 21:29:02 USER=kamaljeet.kaur LAB=lab205 HOME=/home/kamaljeet.kaur
2026-08-18 21:30:43 USER=lubna.nazir LAB=lab209 HOME=/home/lubna.nazir
2026-08-18 21:40:32 USER=waqar.zahoor LAB=lab208 HOME=/home/waqar.zahoor
2026-08-18 21:42:44 USER=waqar.zahoor LAB=lab208 HOME=/home/waqar.zahoor
2026-08-18 21:43:59 USER=hajra.iftikhar LAB=lab208 HOME=/home/hajra.iftikhar
2026-08-18 21:47:27 USER=saim LAB=lab208 HOME=/home/saim
2026-08-18 21:49:18 USER=saim.ali LAB=lab208 HOME=/home/saim.ali
2026-08-18 21:50:09 USER=nabila.dass LAB=lab209 HOME=/home/nabila.dass
2026-08-18 21:52:03 USER=waqar.zahoor LAB=lab208 HOME=/home/waqar.zahoor
2026-08-18 21:52:07 USER=ayesha.abdullah LAB=lab206 HOME=/home/ayesha.abdullah
2026-08-18 21:53:02 USER=saim.ali LAB=lab208 HOME=/home/saim.ali
2026-08-18 21:56:20 USER=ayesha.abdullah LAB=lab206 HOME=/home/ayesha.abdullah
2026-08-18 22:00:12 USER=nabila.dass LAB=lab209 HOME=/home/nabila.dass
2026-08-18 22:00:19 USER=waqar.zahoor LAB=lab208 HOME=/home/waqar.zahoor
2026-08-18 22:02:20 USER=nabila.dass LAB=lab209 HOME=/home/nabila.dass
2026-08-18 22:04:26 USER=waqar.zahoor LAB=lab208 HOME=/home/waqar.zahoor
2026-08-18 22:09:49 USER=saim.ali LAB=lab208 HOME=/home/saim.ali
2026-08-18 22:14:07 USER=rabia.tariq LAB=lab205 HOME=/home/rabia.tariq
2026-08-18 22:16:06 USER=ayesha.abdullah LAB=lab205 HOME=/home/ayesha.abdullah
2026-08-18 22:16:08 USER=zara.khan LAB=lab204 HOME=/home/zara.khan
2026-08-18 22:21:32 USER=ayesha.aslam LAB=lab208 HOME=/home/ayesha.aslam
2026-08-18 22:22:01 USER=asfiya.umair LAB=lab209 HOME=/home/asfiya.umair
2026-08-18 22:23:34 USER=asfiya.umair LAB=lab201 HOME=/home/asfiya.umair
2026-08-18 22:24:08 USER=rabia.tariq LAB=lab205 HOME=/home/rabia.tariq
2026-08-18 22:24:48 USER=ayesha.aslam LAB=lab208 HOME=/home/ayesha.aslam
2026-08-18 22:25:18 USER=zara.khan LAB=lab204 HOME=/home/zara.khan
2026-08-18 22:26:17 USER=zara.khan LAB=lab204 HOME=/home/zara.khan
2026-08-18 22:26:41 USER=fathima.sundus LAB=lab202 HOME=/home/fathima.sundus
2026-08-18 22:26:53 USER=rabia.tariq LAB=lab205 HOME=/home/rabia.tariq
2026-08-18 22:26:58 USER=fathima.sundus LAB=lab201 HOME=/home/fathima.sundus
2026-08-18 22:27:13 USER=fathima.sundus LAB=lab203 HOME=/home/fathima.sundus
2026-08-18 22:27:30 USER=fathima.sundus LAB=lab204 HOME=/home/fathima.sundus
2026-08-18 22:28:06 USER=ayesha.abdullah LAB=lab204 HOME=/home/ayesha.abdullah
2026-08-18 22:28:10 USER=fathima.sundus LAB=lab209 HOME=/home/fathima.sundus
2026-08-18 22:28:31 USER=rabia.tariq LAB=lab206 HOME=/home/rabia.tariq
2026-08-18 22:34:15 USER=zara.khan LAB=lab204 HOME=/home/zara.khan
2026-08-18 22:35:51 USER=zara.khan LAB=lab204 HOME=/home/zara.khan
2026-08-18 22:37:21 USER=saim.ali LAB=lab208 HOME=/home/saim.ali
2026-08-18 22:37:53 USER=zara.khan LAB=lab204 HOME=/home/zara.khan
2026-08-18 22:40:02 USER=asfiya.umair LAB=lab201 HOME=/home/asfiya.umair
2026-08-18 22:40:11 USER=asfiya.umair LAB=lab201 HOME=/home/asfiya.umair
2026-08-18 22:41:06 USER=muhammad.usman LAB=lab204 HOME=/home/muhammad.usman
2026-08-18 22:41:39 USER=ayesha.abdullah LAB=lab203 HOME=/home/ayesha.abdullah
2026-08-18 22:41:49 USER=muhammad.usman LAB=lab204 HOME=/home/muhammad.usman
2026-08-18 22:42:41 USER=ayesha.abdullah LAB=lab203 HOME=/home/ayesha.abdullah
2026-08-18 22:43:07 USER=muhammad.usman LAB=lab204 HOME=/home/muhammad.usman
2026-08-18 22:44:47 USER=ayesha.abdullah LAB=lab203 HOME=/home/ayesha.abdullah
2026-08-18 22:45:28 USER=muhammad.usman LAB=lab204 HOME=/home/muhammad.usman
2026-08-18 22:48:03 USER=zara.khan LAB=lab204 HOME=/home/zara.khan
2026-08-18 22:48:47 USER=fakhr.rabbani LAB=lab209 HOME=/home/fakhr.rabbani
2026-08-18 22:49:01 USER=fakhr.rabbani LAB=lab209 HOME=/home/fakhr.rabbani
2026-08-18 22:49:43 USER=muhammad.usman LAB=lab209 HOME=/home/muhammad.usman
2026-08-18 22:51:44 USER=zara.khan LAB=lab204 HOME=/home/zara.khan
2026-08-18 22:53:25 USER=asfiya.umair LAB=lab201 HOME=/home/asfiya.umair
2026-08-18 22:54:00 USER=zara.khan LAB=lab204 HOME=/home/zara.khan
2026-08-18 22:54:59 USER=hamza.bashir LAB=lab201 HOME=/home/hamza.bashir
2026-08-18 22:55:10 USER=fakhr.rabbani LAB=lab209 HOME=/home/fakhr.rabbani
2026-08-18 22:55:13 USER=hamza.bashir LAB=lab201 HOME=/home/hamza.bashir
2026-08-18 22:56:34 USER=rabia.tariq LAB=lab206 HOME=/home/rabia.tariq
2026-08-18 22:56:53 USER=fatima.tabusum LAB=lab201 HOME=/home/fatima.tabusum
2026-08-18 22:56:55 USER=adeel.khan LAB=lab209 HOME=/home/adeel.khan
2026-08-18 22:57:48 USER=asfiya.umair LAB=lab201 HOME=/home/asfiya.umair
2026-08-18 22:57:56 USER=zara.khan LAB=lab204 HOME=/home/zara.khan
2026-08-18 23:00:21 USER=asfiya.umair LAB=lab201 HOME=/home/asfiya.umair
2026-08-18 23:01:16 USER=ayesha.abdullah LAB=lab202 HOME=/home/ayesha.abdullah
2026-08-18 23:01:26 USER=zara.khan LAB=lab204 HOME=/home/zara.khan
2026-08-18 23:03:43 USER=hamza.bashir LAB=lab201 HOME=/home/hamza.bashir
2026-08-18 23:05:46 USER=hamza.bashir LAB=lab201 HOME=/home/hamza.bashir
2026-08-18 23:05:53 USER=fakhr.rabbani LAB=lab209 HOME=/home/fakhr.rabbani
2026-08-18 23:06:08 USER=hamza.bashir LAB=lab201 HOME=/home/hamza.bashir
2026-08-18 23:06:47 USER=muhammad.usman LAB=lab209 HOME=/home/muhammad.usman
2026-08-18 23:07:07 USER=hamza.bashir LAB=lab201 HOME=/home/hamza.bashir
2026-08-18 23:08:00 USER=fakhr.rabbani LAB=lab209 HOME=/home/fakhr.rabbani
2026-08-18 23:08:00 USER=asfiya.umair LAB=lab201 HOME=/home/asfiya.umair
2026-08-18 23:08:06 USER=zara.khan LAB=lab204 HOME=/home/zara.khan
2026-08-18 23:08:29 USER=ayesha.abdullah LAB=lab202 HOME=/home/ayesha.abdullah
2026-08-18 23:09:51 USER=fakhr.rabbani LAB=lab209 HOME=/home/fakhr.rabbani
2026-08-18 23:10:19 USER=fakhr.rabbani LAB=lab209 HOME=/home/fakhr.rabbani
2026-08-18 23:12:21 USER=muhammad.shoaib LAB=lab208 HOME=/home/muhammad.shoaib
2026-08-18 23:12:24 USER=fakhr.rabbani LAB=lab209 HOME=/home/fakhr.rabbani
2026-08-18 23:14:19 USER=ayesha.abdullah LAB=lab202 HOME=/home/ayesha.abdullah
2026-08-18 23:14:48 USER=fakhr.rabbani LAB=lab209 HOME=/home/fakhr.rabbani
2026-08-18 23:15:01 USER=ayesha.abdullah LAB=lab202 HOME=/home/ayesha.abdullah
2026-08-18 23:16:15 USER=ayesha.abdullah LAB=lab202 HOME=/home/ayesha.abdullah
2026-08-18 23:17:02 USER=ayesha.abdullah LAB=lab202 HOME=/home/ayesha.abdullah
2026-08-18 23:21:00 USER=muhammad.usman LAB=lab204 HOME=/home/muhammad.usman
2026-08-18 23:24:58 USER=muhammad.shoaib LAB=lab208 HOME=/home/muhammad.shoaib
2026-08-18 23:26:09 USER=muhammad.shoaib LAB=lab208 HOME=/home/muhammad.shoaib
2026-08-18 23:27:01 USER=rabia.tariq LAB=lab206 HOME=/home/rabia.tariq
2026-08-18 23:28:09 USER=waqar.shah LAB=lab208 HOME=/home/waqar.shah
2026-08-18 23:28:23 USER=raza.ali LAB=lab208 HOME=/home/raza.ali
2026-08-18 23:31:25 USER=waqar.shah LAB=lab208 HOME=/home/waqar.shah
2026-08-18 23:36:52 USER=sadia.rafiq LAB=lab207 HOME=/home/sadia.rafiq
2026-08-18 23:42:59 USER=zara.khan LAB=lab205 HOME=/home/zara.khan
2026-08-18 23:45:09 USER=hamza.bashir LAB=lab206 HOME=/home/hamza.bashir
2026-08-18 23:45:23 USER=hamza.bashir LAB=lab206 HOME=/home/hamza.bashir
2026-08-18 23:45:41 USER=muhammad.khan LAB=lab208 HOME=/home/muhammad.khan
2026-08-18 23:45:58 USER=hamza.bashir LAB=lab209 HOME=/home/hamza.bashir
2026-08-18 23:46:09 USER=muhammad.khan LAB=lab209 HOME=/home/muhammad.khan
2026-08-18 23:46:32 USER=muhammad.khan LAB=lab207 HOME=/home/muhammad.khan
2026-08-18 23:46:45 USER=muhammad.khan LAB=lab206 HOME=/home/muhammad.khan
2026-08-18 23:46:59 USER=muhammad.khan LAB=lab205 HOME=/home/muhammad.khan
2026-08-18 23:47:47 USER=babli.mehta LAB=lab204 HOME=/home/babli.mehta
2026-08-18 23:48:17 USER=mamoona.ijaz LAB=lab204 HOME=/home/mamoona.ijaz
2026-08-18 23:49:50 USER=nimat.ullah LAB=lab204 HOME=/home/nimat.ullah
2026-08-18 23:49:59 USER=zunaira.akhtar LAB=lab204 HOME=/home/zunaira.akhtar
2026-08-18 23:55:12 USER=sardar.akmal LAB=lab204 HOME=/home/sardar.akmal
2026-08-18 23:55:20 USER=nimat.ullah LAB=lab204 HOME=/home/nimat.ullah
2026-08-18 23:55:32 USER=hamza.bashir LAB=lab209 HOME=/home/hamza.bashir
2026-08-18 23:56:18 USER=mamoona.ijaz LAB=lab204 HOME=/home/mamoona.ijaz
2026-08-18 23:56:19 USER=nimat.ullah LAB=lab204 HOME=/home/nimat.ullah
2026-08-18 23:57:04 USER=zara.khan LAB=lab205 HOME=/home/zara.khan
2026-08-18 23:58:09 USER=mamoona.ijaz LAB=lab204 HOME=/home/mamoona.ijaz
2026-08-18 23:58:58 USER=muhammad.annam LAB=lab208 HOME=/home/muhammad.annam
2026-08-18 23:59:07 USER=zara.khan LAB=lab205 HOME=/home/zara.khan
2026-08-18 23:59:13 USER=muhammad.annam LAB=lab208 HOME=/home/muhammad.annam
2026-08-19 00:03:50 USER=sardar.akmal LAB=lab204 HOME=/home/sardar.akmal
2026-08-19 00:04:04 USER=muhammad.bilal LAB=lab209 HOME=/home/muhammad.bilal
2026-08-19 00:05:17 USER=syed.ali LAB=lab201 HOME=/home/syed.ali
2026-08-19 00:06:40 USER=muhammad.khan LAB=lab205 HOME=/home/muhammad.khan
2026-08-19 00:06:58 USER=sardar.akmal LAB=lab204 HOME=/home/sardar.akmal
2026-08-19 00:07:22 USER=muhammad.khan LAB=lab205 HOME=/home/muhammad.khan
2026-08-19 00:11:44 USER=syed.ali LAB=lab201 HOME=/home/syed.ali
2026-08-19 00:12:01 USER=syedali6908 LAB=lab201 HOME=/home/syedali6908
2026-08-19 00:16:29 USER=saba.akhtar LAB=lab206 HOME=/home/saba.akhtar
2026-08-19 00:16:46 USER=syed.ali LAB=lab201 HOME=/home/syed.ali
2026-08-19 00:16:52 USER=muhammad.khan LAB=lab205 HOME=/home/muhammad.khan
2026-08-19 00:17:08 USER=nimat.ullah LAB=lab204 HOME=/home/nimat.ullah
2026-08-19 00:17:19 USER=sardar.akmal LAB=lab204 HOME=/home/sardar.akmal
2026-08-19 00:17:42 USER=syed.ali LAB=lab201 HOME=/home/syed.ali
2026-08-19 00:18:35 USER=fatima.tabusum LAB=lab204 HOME=/home/fatima.tabusum
2026-08-19 00:18:40 USER=asfiya.umair LAB=lab204 HOME=/home/asfiya.umair
2026-08-19 00:19:19 USER=sardar.akmal LAB=lab204 HOME=/home/sardar.akmal
2026-08-19 00:21:07 USER=muhammad.khan LAB=lab205 HOME=/home/muhammad.khan
2026-08-19 00:21:07 USER=raza.ali LAB=lab208 HOME=/home/raza.ali
2026-08-19 00:21:28 USER=shafaq.zehra LAB=lab204 HOME=/home/shafaq.zehra
2026-08-19 00:21:47 USER=asfiya.umair LAB=lab204 HOME=/home/asfiya.umair
2026-08-19 00:22:25 USER=syed.ali LAB=lab201 HOME=/home/syed.ali
2026-08-19 00:22:40 USER=muhammad.khan LAB=lab205 HOME=/home/muhammad.khan
2026-08-19 00:22:57 USER=anas.khan LAB=lab208 HOME=/home/anas.khan
2026-08-19 00:23:00 USER=raza.ali LAB=lab208 HOME=/home/raza.ali
2026-08-19 00:23:48 USER=shafaq.zehra LAB=lab204 HOME=/home/shafaq.zehra
2026-08-19 00:24:05 USER=sardar.akmal LAB=lab204 HOME=/home/sardar.akmal
2026-08-19 00:24:24 USER=asfiya.umair LAB=lab204 HOME=/home/asfiya.umair
2026-08-19 00:24:58 USER=waqar.shah LAB=lab209 HOME=/home/waqar.shah
2026-08-19 00:26:41 USER=shafaq.zehra LAB=lab204 HOME=/home/shafaq.zehra
2026-08-19 00:27:48 USER=asfiya.umair LAB=lab204 HOME=/home/asfiya.umair
2026-08-19 00:28:49 USER=anas.khan LAB=lab208 HOME=/home/anas.khan
2026-08-19 00:29:07 USER=waqar.shah LAB=lab209 HOME=/home/waqar.shah
2026-08-19 00:29:33 USER=syed.ali LAB=lab201 HOME=/home/syed.ali
2026-08-19 00:30:22 USER=asfiya.umair LAB=lab204 HOME=/home/asfiya.umair
2026-08-19 00:30:35 USER=syed.ali LAB=lab201 HOME=/home/syed.ali
2026-08-19 00:31:44 USER=asfiya.umair LAB=lab204 HOME=/home/asfiya.umair
2026-08-19 00:31:45 USER=raza.ali LAB=lab209 HOME=/home/raza.ali
2026-08-19 00:31:57 USER=muhammad.khan LAB=lab205 HOME=/home/muhammad.khan
2026-08-19 00:32:36 USER=danyal.khan LAB=lab203 HOME=/home/danyal.khan
2026-08-19 00:35:58 USER=danyal.khan LAB=lab203 HOME=/home/danyal.khan
2026-08-19 00:37:14 USER=danyal.khan LAB=lab202 HOME=/home/danyal.khan
2026-08-19 00:37:28 USER=asfiya.umair LAB=lab204 HOME=/home/asfiya.umair
2026-08-19 00:37:32 USER=muhammad.khan LAB=lab205 HOME=/home/muhammad.khan
2026-08-19 00:37:44 USER=shafaq.zehra LAB=lab204 HOME=/home/shafaq.zehra
2026-08-19 00:38:55 USER=syed.ali LAB=lab201 HOME=/home/syed.ali
2026-08-19 00:39:34 USER=asfiya.umair LAB=lab204 HOME=/home/asfiya.umair
2026-08-19 00:40:56 USER=muhammad.khan LAB=lab204 HOME=/home/muhammad.khan
2026-08-19 00:41:00 USER=syed.ali LAB=lab201 HOME=/home/syed.ali
2026-08-19 00:41:01 USER=danyal.khan LAB=lab202 HOME=/home/danyal.khan
2026-08-19 00:41:06 USER=asfiya.umair LAB=lab204 HOME=/home/asfiya.umair
2026-08-19 00:41:07 USER=muhammad.khan LAB=lab203 HOME=/home/muhammad.khan
2026-08-19 00:41:16 USER=muhammad.khan LAB=lab202 HOME=/home/muhammad.khan
2026-08-19 00:41:26 USER=muhammad.khan LAB=lab201 HOME=/home/muhammad.khan
2026-08-19 00:41:34 USER=muhammad.khan LAB=lab209 HOME=/home/muhammad.khan
2026-08-19 00:41:45 USER=muhammad.khan LAB=lab208 HOME=/home/muhammad.khan
2026-08-19 00:41:54 USER=muhammad.khan LAB=lab207 HOME=/home/muhammad.khan
2026-08-19 00:42:04 USER=muhammad.khan LAB=lab206 HOME=/home/muhammad.khan
2026-08-19 00:42:15 USER=muhammad.khan LAB=lab205 HOME=/home/muhammad.khan
2026-08-19 00:42:17 USER=sameer.awais LAB=lab209 HOME=/home/sameer.awais
2026-08-19 00:42:28 USER=muhammad.khan LAB=lab204 HOME=/home/muhammad.khan
2026-08-19 00:42:34 USER=danyal.khan LAB=lab202 HOME=/home/danyal.khan
2026-08-19 00:42:36 USER=muhammad.khan LAB=lab203 HOME=/home/muhammad.khan
2026-08-19 00:43:04 USER=asfiya.umair LAB=lab204 HOME=/home/asfiya.umair
2026-08-19 00:43:44 USER=danyal.khan LAB=lab202 HOME=/home/danyal.khan
2026-08-19 00:44:23 USER=shafaq.zehra LAB=lab204 HOME=/home/shafaq.zehra
2026-08-19 00:45:21 USER=sumara.abbas LAB=lab201 HOME=/home/sumara.abbas
2026-08-19 00:45:23 USER=shafaq.zehra LAB=lab202 HOME=/home/shafaq.zehra
2026-08-19 00:45:55 USER=shafaq.zehra LAB=lab201 HOME=/home/shafaq.zehra
2026-08-19 00:46:57 USER=shafaq.zehra LAB=lab204 HOME=/home/shafaq.zehra
2026-08-19 00:53:14 USER=muhammad.shoaib LAB=lab208 HOME=/home/muhammad.shoaib
2026-08-19 00:53:20 USER=saim.ali LAB=lab208 HOME=/home/saim.ali
2026-08-19 00:54:46 USER=noor.fatima LAB=lab209 HOME=/home/noor.fatima
2026-08-19 01:01:15 USER=hamza.bashir LAB=lab207 HOME=/home/hamza.bashir
2026-08-19 01:01:33 USER=waqar.zahoor LAB=lab101 HOME=/home/waqar.zahoor
2026-08-19 01:01:45 USER=waqar.zahoor LAB=lab204 HOME=/home/waqar.zahoor
2026-08-19 01:01:57 USER=waqar.zahoor LAB=lab209 HOME=/home/waqar.zahoor
2026-08-19 01:02:10 USER=waqar.zahoor LAB=lab208 HOME=/home/waqar.zahoor
2026-08-19 01:03:19 USER=muhammad.annam LAB=lab208 HOME=/home/muhammad.annam
2026-08-19 01:04:23 USER=shafaq.zehra LAB=lab202 HOME=/home/shafaq.zehra
2026-08-19 01:05:48 USER=syedali6908 LAB=lab202 HOME=/home/syedali6908
2026-08-19 01:06:14 USER=muhammad.annam LAB=lab208 HOME=/home/muhammad.annam
2026-08-19 01:08:19 USER=lubna.nazir LAB=lab208 HOME=/home/lubna.nazir
2026-08-19 01:11:52 USER=nimrah.nawaz LAB=lab205 HOME=/home/nimrah.nawaz
2026-08-19 01:12:54 USER=noor.fatima LAB=lab209 HOME=/home/noor.fatima
2026-08-19 01:28:25 USER=janit.rashid LAB=lab209 HOME=/home/janit.rashid
2026-08-19 01:29:17 USER=janit.rashid LAB=lab208 HOME=/home/janit.rashid
2026-08-19 01:31:58 USER=arjun.singh LAB=lab208 HOME=/home/arjun.singh
2026-08-19 01:32:26 USER=isbah.noor LAB=lab208 HOME=/home/isbah.noor
2026-08-19 01:33:16 USER=kamaljeet.kaur LAB=lab205 HOME=/home/kamaljeet.kaur
2026-08-19 01:34:34 USER=mohammad.muneeb LAB=lab208 HOME=/home/mohammad.muneeb
2026-08-19 01:35:47 USER=shoaib.javid LAB=lab209 HOME=/home/shoaib.javid
2026-08-19 01:37:27 USER=saeed.anwar LAB=lab208 HOME=/home/saeed.anwar
2026-08-19 01:41:10 USER=janit.rashid LAB=lab209 HOME=/home/janit.rashid
2026-08-19 01:41:35 USER=danyal.khan LAB=lab208 HOME=/home/danyal.khan
2026-08-19 01:42:52 USER=janit.rashid LAB=lab209 HOME=/home/janit.rashid
2026-08-19 01:43:03 USER=janit.rashid LAB=lab208 HOME=/home/janit.rashid
2026-08-19 01:44:11 USER=danyal.khan LAB=lab208 HOME=/home/danyal.khan
2026-08-19 01:44:19 USER=saeed.anwar LAB=lab208 HOME=/home/saeed.anwar
2026-08-19 01:48:02 USER=asfiya.umair LAB=lab208 HOME=/home/asfiya.umair
2026-08-19 01:48:11 USER=saeed.anwar LAB=lab208 HOME=/home/saeed.anwar
2026-08-19 01:49:05 USER=danyal.khan LAB=lab208 HOME=/home/danyal.khan
2026-08-19 01:54:41 USER=muhammad.shoaib LAB=lab208 HOME=/home/muhammad.shoaib
2026-08-19 01:56:34 USER=lubna.nazir LAB=lab208 HOME=/home/lubna.nazir
2026-08-19 01:56:47 USER=saeed.anwar LAB=lab208 HOME=/home/saeed.anwar
2026-08-19 01:59:36 USER=muhammad.usman LAB=lab208 HOME=/home/muhammad.usman
2026-08-19 01:59:37 USER=saeed.anwar LAB=lab208 HOME=/home/saeed.anwar
2026-08-19 02:00:22 USER=saeed.anwar LAB=lab201 HOME=/home/saeed.anwar
2026-08-19 02:00:31 USER=saeed.anwar LAB=lab202 HOME=/home/saeed.anwar
2026-08-19 02:00:45 USER=saeed.anwar LAB=lab203 HOME=/home/saeed.anwar
2026-08-19 02:00:54 USER=saeed.anwar LAB=lab204 HOME=/home/saeed.anwar
2026-08-19 02:01:11 USER=saeed.anwar LAB=lab205 HOME=/home/saeed.anwar
2026-08-19 02:01:21 USER=saeed.anwar LAB=lab206 HOME=/home/saeed.anwar
2026-08-19 02:01:30 USER=saeed.anwar LAB=lab207 HOME=/home/saeed.anwar
2026-08-19 02:01:45 USER=saeed.anwar LAB=lab209 HOME=/home/saeed.anwar
2026-08-19 02:03:13 USER=shoaib.javid LAB=lab208 HOME=/home/shoaib.javid
2026-08-19 02:08:19 USER=shoaib.javid LAB=lab208 HOME=/home/shoaib.javid
2026-08-19 02:15:42 USER=harinderpreet.kaur LAB=lab208 HOME=/home/harinderpreet.kaur
2026-08-19 02:20:32 USER=david.salame LAB=lab208 HOME=/home/david.salame
2026-08-19 02:22:25 USER=david.salame LAB=lab208 HOME=/home/david.salame
2026-08-19 02:24:13 USER=david.salame LAB=lab208 HOME=/home/david.salame
2026-08-19 02:24:17 USER=asfiya.umair LAB=lab208 HOME=/home/asfiya.umair
2026-08-19 02:25:43 USER=david.salame LAB=lab208 HOME=/home/david.salame
2026-08-19 02:26:12 USER=asfiya.umair LAB=lab208 HOME=/home/asfiya.umair
2026-08-19 02:26:13 USER=rabia.tariq LAB=lab208 HOME=/home/rabia.tariq
2026-08-19 02:26:49 USER=rabia.tariq LAB=lab206 HOME=/home/rabia.tariq
2026-08-19 02:32:20 USER=danyal.khan LAB=lab208 HOME=/home/danyal.khan
2026-08-19 02:33:33 USER=danyal.khan LAB=lab208 HOME=/home/danyal.khan
2026-08-19 02:45:06 USER=sadia.rafiq LAB=lab208 HOME=/home/sadia.rafiq
2026-08-19 02:52:50 USER=gurmat.kaur LAB=lab205 HOME=/home/gurmat.kaur
2026-08-19 02:54:10 USER=lubna.nazir LAB=lab208 HOME=/home/lubna.nazir
2026-08-19 02:55:32 USER=sadia.rafiq LAB=lab208 HOME=/home/sadia.rafiq
2026-08-19 02:55:37 USER=adil.zafar LAB=lab208 HOME=/home/adil.zafar
2026-08-19 02:57:19 USER=shafaq.zehra LAB=lab208 HOME=/home/shafaq.zehra
2026-08-19 02:57:35 USER=sadia.rafiq LAB=lab208 HOME=/home/sadia.rafiq
2026-08-19 02:57:47 USER=adil.zafar LAB=lab208 HOME=/home/adil.zafar
2026-08-19 02:58:23 USER=shafaq.zehra LAB=lab203 HOME=/home/shafaq.zehra
2026-08-19 02:59:28 USER=sadia.rafiq LAB=lab208 HOME=/home/sadia.rafiq
2026-08-19 03:00:51 USER=danial.ahmed LAB=lab208 HOME=/home/danial.ahmed
2026-08-19 03:01:18 USER=danial.ahmed LAB=lab208 HOME=/home/danial.ahmed
2026-08-19 03:02:31 USER=rikza.ali LAB=lab208 HOME=/home/rikza.ali
2026-08-19 03:03:31 USER=isbah.noor LAB=lab208 HOME=/home/isbah.noor
2026-08-19 03:04:06 USER=isbah.noor LAB=lab202 HOME=/home/isbah.noor
2026-08-19 03:04:08 USER=sadia.rafiq LAB=lab208 HOME=/home/sadia.rafiq
2026-08-19 03:06:55 USER=rikza.ali LAB=lab208 HOME=/home/rikza.ali
2026-08-19 03:09:29 USER=rabia.tariq LAB=lab208 HOME=/home/rabia.tariq
2026-08-19 03:10:03 USER=rabia.tariq LAB=lab207 HOME=/home/rabia.tariq
2026-08-19 03:10:10 USER=shafaq.zehra LAB=lab203 HOME=/home/shafaq.zehra
2026-08-19 03:11:19 USER=zara.khan LAB=lab208 HOME=/home/zara.khan
2026-08-19 03:11:40 USER=rabia.tariq LAB=lab204 HOME=/home/rabia.tariq
2026-08-19 03:12:58 USER=adil.zafar LAB=lab208 HOME=/home/adil.zafar
2026-08-19 03:14:46 USER=shafaq.zehra LAB=lab203 HOME=/home/shafaq.zehra
2026-08-19 03:18:04 USER=nimat.ullah LAB=lab208 HOME=/home/nimat.ullah
2026-08-19 03:19:37 USER=shafaq.zehra LAB=lab203 HOME=/home/shafaq.zehra
2026-08-19 03:21:02 USER=shafaq.zehra LAB=lab203 HOME=/home/shafaq.zehra
2026-08-19 03:23:14 USER=shafaq.zehra LAB=lab203 HOME=/home/shafaq.zehra
2026-08-19 03:26:29 USER=shafaq.zehra LAB=lab203 HOME=/home/shafaq.zehra
2026-08-19 03:27:52 USER=syedali6908 LAB=lab208 HOME=/home/syedali6908
2026-08-19 03:31:27 USER=shafaq.zehra LAB=lab203 HOME=/home/shafaq.zehra
2026-08-19 03:32:48 USER=abdullah.anjum LAB=lab208 HOME=/home/abdullah.anjum
2026-08-19 03:33:55 USER=isbah.noor LAB=lab202 HOME=/home/isbah.noor
2026-08-19 03:36:16 USER=saad.mohiuddin LAB=lab208 HOME=/home/saad.mohiuddin
2026-08-19 03:39:50 USER=saad.mohiuddin LAB=lab208 HOME=/home/saad.mohiuddin
2026-08-19 03:41:51 USER=shafaq.zehra LAB=lab203 HOME=/home/shafaq.zehra
2026-08-19 03:42:53 USER=saeed.anwar LAB=lab208 HOME=/home/saeed.anwar
2026-08-19 03:51:50 USER=waleed.javed LAB=lab208 HOME=/home/waleed.javed
2026-08-19 03:52:26 USER=waleed.javed LAB=lab208 HOME=/home/waleed.javed
2026-08-19 03:53:52 USER=shafaq.zehra LAB=lab203 HOME=/home/shafaq.zehra
2026-08-19 03:56:01 USER=waleed.javed LAB=lab208 HOME=/home/waleed.javed
2026-08-19 03:59:08 USER=waleed.javed LAB=lab208 HOME=/home/waleed.javed
2026-08-19 03:59:10 USER=shafaq.zehra LAB=lab203 HOME=/home/shafaq.zehra
2026-08-19 04:04:24 USER=shafaq.zehra LAB=lab203 HOME=/home/shafaq.zehra
2026-08-19 04:05:01 USER=waleed.javed LAB=lab208 HOME=/home/waleed.javed
2026-08-19 04:07:03 USER=waleed.javed LAB=lab208 HOME=/home/waleed.javed
2026-08-19 04:14:22 USER=waleed.javed LAB=lab208 HOME=/home/waleed.javed
2026-08-19 04:17:17 USER=ali.raza LAB=lab208 HOME=/home/ali.raza
2026-08-19 04:18:37 USER=abdullah.anjum LAB=lab208 HOME=/home/abdullah.anjum
2026-08-19 04:20:01 USER=waleed.javed LAB=lab208 HOME=/home/waleed.javed
2026-08-19 04:20:13 USER=abdullah.anjum LAB=lab208 HOME=/home/abdullah.anjum
2026-08-19 04:20:55 USER=abdullah.anjum LAB=lab208 HOME=/home/abdullah.anjum
2026-08-19 04:21:02 USER=abdullah.anjum LAB=lab209 HOME=/home/abdullah.anjum
2026-08-19 04:21:14 USER=abdullah.anjum LAB=lab207 HOME=/home/abdullah.anjum
2026-08-19 04:21:15 USER=waleed.javed LAB=lab208 HOME=/home/waleed.javed
2026-08-19 04:21:21 USER=abdullah.anjum LAB=lab206 HOME=/home/abdullah.anjum
2026-08-19 04:21:29 USER=abdullah.anjum LAB=lab205 HOME=/home/abdullah.anjum
2026-08-19 04:21:36 USER=abdullah.anjum LAB=lab204 HOME=/home/abdullah.anjum
2026-08-19 04:21:43 USER=abdullah.anjum LAB=lab203 HOME=/home/abdullah.anjum
2026-08-19 04:21:49 USER=abdullah.anjum LAB=lab202 HOME=/home/abdullah.anjum
2026-08-19 04:21:55 USER=abdullah.anjum LAB=lab201 HOME=/home/abdullah.anjum
2026-08-19 04:22:32 USER=shafaq.zehra LAB=lab203 HOME=/home/shafaq.zehra
2026-08-19 04:26:54 USER=abdullah.anjum LAB=lab102 HOME=/home/abdullah.anjum
2026-08-19 04:27:13 USER=shafaq.zehra LAB=lab208 HOME=/home/shafaq.zehra
2026-08-19 04:49:24 USER=ali.raza LAB=lab208 HOME=/home/ali.raza
2026-08-19 04:51:38 USER=ali.raza LAB=lab208 HOME=/home/ali.raza
2026-08-19 05:08:52 USER=shafaq.zehra LAB=lab208 HOME=/home/shafaq.zehra
2026-08-19 05:30:49 USER=raza.ali LAB=lab201 HOME=/home/raza.ali
2026-08-19 05:34:17 USER=ali.raza LAB=lab208 HOME=/home/ali.raza
2026-08-19 05:36:56 USER=shafaq.zehra LAB=lab208 HOME=/home/shafaq.zehra
2026-08-19 05:43:49 USER=ali.raza LAB=lab208 HOME=/home/ali.raza
2026-08-19 05:46:44 USER=ali.raza LAB=lab208 HOME=/home/ali.raza
2026-08-19 05:49:16 USER=ali.raza LAB=lab208 HOME=/home/ali.raza
2026-08-19 07:16:25 USER=waseem.abbas LAB=lab201 HOME=/home/waseem.abbas
2026-08-19 07:19:28 USER=waseem.abbas LAB=lab201 HOME=/home/waseem.abbas
2026-08-19 07:37:01 USER=salman.duggal LAB=lab203 HOME=/home/salman.duggal
2026-08-19 07:37:29 USER=salman.duggal LAB=lab201 HOME=/home/salman.duggal
2026-08-19 08:07:33 USER=waseem.abbas LAB=lab202 HOME=/home/waseem.abbas
2026-08-19 08:11:04 USER=waseem.abbas LAB=lab202 HOME=/home/waseem.abbas
2026-08-19 08:12:01 USER=waseem.abbas LAB=lab202 HOME=/home/waseem.abbas
2026-08-19 08:12:12 USER=waseem.abbas LAB=lab202 HOME=/home/waseem.abbas
2026-08-19 08:12:50 USER=waseem.abbas LAB=lab202 HOME=/home/waseem.abbas
2026-08-19 08:15:26 USER=waseem.abbas LAB=lab202 HOME=/home/waseem.abbas
2026-08-19 08:17:11 USER=waseem.abbas LAB=lab202 HOME=/home/waseem.abbas
2026-08-19 08:18:18 USER=waseem.abbas LAB=lab202 HOME=/home/waseem.abbas
2026-08-19 08:18:33 USER=waseem.abbas LAB=lab201 HOME=/home/waseem.abbas
2026-08-19 08:18:55 USER=salman.duggal LAB=lab201 HOME=/home/salman.duggal
2026-08-19 08:30:58 USER=salman.duggal LAB=lab201 HOME=/home/salman.duggal
2026-08-19 08:31:48 USER=salman.duggal LAB=lab202 HOME=/home/salman.duggal
2026-08-19 08:45:45 USER=salman.duggal LAB=lab202 HOME=/home/salman.duggal
2026-08-19 08:46:05 USER=salman.duggal LAB=lab203 HOME=/home/salman.duggal
2026-08-19 09:25:53 USER=salman.duggal LAB=lab203 HOME=/home/salman.duggal
2026-08-19 09:44:57 USER=salman.duggal LAB=lab204 HOME=/home/salman.duggal
2026-08-19 10:03:08 USER=salman.duggal LAB=lab204 HOME=/home/salman.duggal
2026-08-19 10:04:43 USER=salman.duggal LAB=lab204 HOME=/home/salman.duggal
2026-08-19 10:45:16 USER=zunaira.akhtar LAB=lab201 HOME=/home/zunaira.akhtar
2026-08-19 11:13:44 USER=zunaira.akhtar LAB=lab202 HOME=/home/zunaira.akhtar
2026-08-19 11:27:47 USER=zunaira.akhtar LAB=lab202 HOME=/home/zunaira.akhtar
2026-08-19 11:29:13 USER=zunaira.akhtar LAB=lab202 HOME=/home/zunaira.akhtar
2026-08-19 11:33:59 USER=zunaira.akhtar LAB=lab202 HOME=/home/zunaira.akhtar
2026-08-19 11:36:23 USER=zunaira.akhtar LAB=lab202 HOME=/home/zunaira.akhtar
2026-08-19 11:48:46 USER=zunaira.akhtar LAB=lab203 HOME=/home/zunaira.akhtar
2026-08-19 11:54:10 USER=zunaira.akhtar LAB=lab203 HOME=/home/zunaira.akhtar
2026-08-19 12:15:07 USER=hajra.iftikhar LAB=lab208 HOME=/home/hajra.iftikhar
2026-08-19 12:15:43 USER=hajra.iftikhar LAB=lab207 HOME=/home/hajra.iftikhar
2026-08-19 12:15:43 USER=zunaira.akhtar LAB=lab204 HOME=/home/zunaira.akhtar
2026-08-19 12:17:00 USER=zunaira.akhtar LAB=lab204 HOME=/home/zunaira.akhtar
2026-08-19 12:20:59 USER=zunaira.akhtar LAB=lab204 HOME=/home/zunaira.akhtar
2026-08-19 12:23:12 USER=zunaira.akhtar LAB=lab204 HOME=/home/zunaira.akhtar
2026-08-19 12:40:48 USER=waleed.javed LAB=lab208 HOME=/home/waleed.javed
2026-08-19 13:13:06 USER=hashim.mannan LAB=lab201 HOME=/home/hashim.mannan
2026-08-19 13:14:47 USER=hashim.mannan LAB=lab201 HOME=/home/hashim.mannan
2026-08-19 13:16:41 USER=hashim.mannan LAB=lab207 HOME=/home/hashim.mannan
2026-08-19 13:28:57 USER=waleed.javed LAB=lab208 HOME=/home/waleed.javed
2026-08-19 13:41:32 USER=fatima.tabusum LAB=lab201 HOME=/home/fatima.tabusum
2026-08-19 13:46:19 USER=nakhal.iqbal LAB=lab202 HOME=/home/nakhal.iqbal
2026-08-19 13:52:46 USER=fatima.tabusum LAB=lab201 HOME=/home/fatima.tabusum
2026-08-19 13:56:29 USER=fatima.tabusum LAB=lab201 HOME=/home/fatima.tabusum
2026-08-19 14:06:30 USER=asfiya.umair LAB=lab201 HOME=/home/asfiya.umair
2026-08-19 14:06:36 USER=sana.abbasi LAB=lab205 HOME=/home/sana.abbasi
2026-08-19 14:07:14 USER=asfiya.umair LAB=lab201 HOME=/home/asfiya.umair
2026-08-19 14:07:56 USER=asfiya.umair LAB=lab201 HOME=/home/asfiya.umair
2026-08-19 14:09:11 USER=asfiya.umair LAB=lab201 HOME=/home/asfiya.umair
2026-08-19 14:09:34 USER=asfiya.umair LAB=lab201 HOME=/home/asfiya.umair
2026-08-19 14:13:41 USER=asfiya.umair LAB=lab201 HOME=/home/asfiya.umair
2026-08-19 14:16:15 USER=asfiya.umair LAB=lab201 HOME=/home/asfiya.umair
2026-08-19 14:21:48 USER=asfiya.umair LAB=lab201 HOME=/home/asfiya.umair
2026-08-19 14:24:17 USER=nakhal.iqbal LAB=lab203 HOME=/home/nakhal.iqbal
2026-08-19 14:29:06 USER=asfiya.umair LAB=lab201 HOME=/home/asfiya.umair
2026-08-19 14:37:42 USER=asfiya.umair LAB=lab201 HOME=/home/asfiya.umair
2026-08-19 14:51:35 USER=asfiya.umair LAB=lab202 HOME=/home/asfiya.umair
2026-08-19 14:59:41 USER=asfiya.umair LAB=lab202 HOME=/home/asfiya.umair
2026-08-19 15:03:58 USER=asfiya.umair LAB=lab202 HOME=/home/asfiya.umair
2026-08-19 15:08:24 USER=asfiya.umair LAB=lab202 HOME=/home/asfiya.umair
2026-08-19 15:12:19 USER=sana.abbasi LAB=lab206 HOME=/home/sana.abbasi
2026-08-19 15:12:54 USER=asfiya.umair LAB=lab202 HOME=/home/asfiya.umair
2026-08-19 15:19:24 USER=asfiya.umair LAB=lab202 HOME=/home/asfiya.umair
2026-08-19 15:21:38 USER=asfiya.umair LAB=lab202 HOME=/home/asfiya.umair
2026-08-19 15:24:08 USER=asfiya.umair LAB=lab202 HOME=/home/asfiya.umair
2026-08-19 15:26:31 USER=asfiya.umair LAB=lab202 HOME=/home/asfiya.umair
2026-08-19 15:27:59 USER=asfiya.umair LAB=lab202 HOME=/home/asfiya.umair
2026-08-19 15:28:10 USER=fatima.tabusum LAB=lab201 HOME=/home/fatima.tabusum
2026-08-19 15:28:48 USER=asfiya.umair LAB=lab202 HOME=/home/asfiya.umair
2026-08-19 15:29:51 USER=fatima.tabusum LAB=lab202 HOME=/home/fatima.tabusum
2026-08-19 15:30:19 USER=fatima.tabusum LAB=lab203 HOME=/home/fatima.tabusum
2026-08-19 15:31:24 USER=asfiya.umair LAB=lab202 HOME=/home/asfiya.umair
2026-08-19 15:32:39 USER=zunaira.akhtar LAB=lab203 HOME=/home/zunaira.akhtar
2026-08-19 15:36:55 USER=hajra.iftikhar LAB=lab208 HOME=/home/hajra.iftikhar
2026-08-19 15:38:27 USER=muhammad.bilal LAB=lab208 HOME=/home/muhammad.bilal
2026-08-19 15:38:41 USER=asfiya.umair LAB=lab202 HOME=/home/asfiya.umair
2026-08-19 15:44:16 USER=asfiya.umair LAB=lab202 HOME=/home/asfiya.umair
2026-08-19 16:24:53 USER=salman.duggal LAB=lab205 HOME=/home/salman.duggal
2026-08-19 16:26:32 USER=salman.duggal LAB=lab201 HOME=/home/salman.duggal
2026-08-19 16:30:13 USER=salman.duggal LAB=lab201 HOME=/home/salman.duggal
2026-08-19 16:31:01 USER=salman.duggal LAB=lab202 HOME=/home/salman.duggal
2026-08-19 16:39:41 USER=waleed.javed LAB=lab208 HOME=/home/waleed.javed
2026-08-19 16:48:08 USER=waleed.javed LAB=lab208 HOME=/home/waleed.javed
2026-08-19 16:51:38 USER=waleed.javed LAB=lab208 HOME=/home/waleed.javed
2026-08-19 16:52:38 USER=waleed.javed LAB=lab208 HOME=/home/waleed.javed
2026-08-19 16:54:53 USER=waleed.javed LAB=lab208 HOME=/home/waleed.javed
2026-08-19 16:57:54 USER=hasnat.kamal LAB=lab101 HOME=/home/hasnat.kamal
2026-08-19 16:58:05 USER=hasnat.kamal LAB=lab101 HOME=/home/hasnat.kamal
2026-08-19 17:22:04 USER=kamaljeet.kaur LAB=lab208 HOME=/home/kamaljeet.kaur
2026-08-19 17:24:41 USER=salman.duggal LAB=lab202 HOME=/home/salman.duggal
2026-08-19 17:27:02 USER=salman.duggal LAB=lab202 HOME=/home/salman.duggal
2026-08-19 17:29:18 USER=salman.duggal LAB=lab202 HOME=/home/salman.duggal
2026-08-19 17:32:30 USER=hajra.iftikhar LAB=lab209 HOME=/home/hajra.iftikhar
2026-08-19 17:36:15 USER=harinderpreet.kaur LAB=lab204 HOME=/home/harinderpreet.kaur
2026-08-19 17:39:26 USER=mohammad.muneeb LAB=lab101 HOME=/home/mohammad.muneeb
2026-08-19 17:41:06 USER=harinderpreet.kaur LAB=lab204 HOME=/home/harinderpreet.kaur
2026-08-19 17:42:02 USER=harinderpreet.kaur LAB=lab204 HOME=/home/harinderpreet.kaur
2026-08-19 17:47:23 USER=waseem.abbas LAB=lab203 HOME=/home/waseem.abbas
2026-08-19 17:50:27 USER=waseem.abbas LAB=lab203 HOME=/home/waseem.abbas
2026-08-19 17:50:56 USER=harinderpreet.kaur LAB=lab204 HOME=/home/harinderpreet.kaur
2026-08-19 17:52:46 USER=waqar.shah LAB=lab208 HOME=/home/waqar.shah
2026-08-19 17:55:43 USER=harinderpreet.kaur LAB=lab204 HOME=/home/harinderpreet.kaur
2026-08-19 17:56:22 USER=waseem.abbas LAB=lab203 HOME=/home/waseem.abbas
2026-08-19 17:56:43 USER=waseem.abbas LAB=lab203 HOME=/home/waseem.abbas
2026-08-19 17:59:36 USER=waseem.abbas LAB=lab203 HOME=/home/waseem.abbas
2026-08-19 18:04:17 USER=fatima.tabusum LAB=lab207 HOME=/home/fatima.tabusum
2026-08-19 18:05:12 USER=harinderpreet.kaur LAB=lab204 HOME=/home/harinderpreet.kaur
2026-08-19 18:09:00 USER=rabia.tariq LAB=lab206 HOME=/home/rabia.tariq
2026-08-19 18:10:10 USER=harinderpreet.kaur LAB=lab204 HOME=/home/harinderpreet.kaur
2026-08-19 18:11:21 USER=sana.abbasi LAB=lab206 HOME=/home/sana.abbasi
2026-08-19 18:13:46 USER=asfiya.umair LAB=lab203 HOME=/home/asfiya.umair
2026-08-19 18:16:01 USER=hajra.iftikhar LAB=lab209 HOME=/home/hajra.iftikhar
2026-08-19 18:16:34 USER=sana.abbasi LAB=lab206 HOME=/home/sana.abbasi
2026-08-19 18:17:11 USER=hajra.iftikhar LAB=lab209 HOME=/home/hajra.iftikhar
2026-08-19 18:18:44 USER=asfiya.umair LAB=lab203 HOME=/home/asfiya.umair
2026-08-19 18:19:39 USER=waseem.abbas LAB=lab204 HOME=/home/waseem.abbas
2026-08-19 18:20:15 USER=waseem.abbas LAB=lab204 HOME=/home/waseem.abbas
2026-08-19 18:21:14 USER=asfiya.umair LAB=lab203 HOME=/home/asfiya.umair
2026-08-19 18:21:34 USER=rupinder.kaur LAB=lab204 HOME=/home/rupinder.kaur
2026-08-19 18:29:30 USER=sana.abbasi LAB=lab206 HOME=/home/sana.abbasi
2026-08-19 18:29:59 USER=harinderpreet.kaur LAB=lab205 HOME=/home/harinderpreet.kaur
2026-08-19 18:31:34 USER=asfiya.umair LAB=lab203 HOME=/home/asfiya.umair
2026-08-19 18:33:47 USER=asfiya.umair LAB=lab203 HOME=/home/asfiya.umair
2026-08-19 18:36:42 USER=asfiya.umair LAB=lab203 HOME=/home/asfiya.umair
2026-08-19 18:37:25 USER=asfiya.umair LAB=lab203 HOME=/home/asfiya.umair
2026-08-19 18:45:12 USER=alina.muukhtar LAB=lab208 HOME=/home/alina.muukhtar
2026-08-19 18:47:16 USER=harinderpreet.kaur LAB=lab205 HOME=/home/harinderpreet.kaur
2026-08-19 18:48:11 USER=rabia.tariq LAB=lab207 HOME=/home/rabia.tariq
2026-08-19 18:49:26 USER=asfiya.umair LAB=lab202 HOME=/home/asfiya.umair
2026-08-19 18:49:31 USER=rupinder.kaur LAB=lab204 HOME=/home/rupinder.kaur
2026-08-19 18:53:27 USER=rabia.tariq LAB=lab205 HOME=/home/rabia.tariq
2026-08-19 18:53:49 USER=rabia.tariq LAB=lab205 HOME=/home/rabia.tariq
2026-08-19 18:54:05 USER=rabia.tariq LAB=lab206 HOME=/home/rabia.tariq
2026-08-19 18:55:16 USER=asfiya.umair LAB=lab203 HOME=/home/asfiya.umair
2026-08-19 18:58:28 USER=rupinder.kaur LAB=lab204 HOME=/home/rupinder.kaur
2026-08-19 18:58:36 USER=asfiya.umair LAB=lab203 HOME=/home/asfiya.umair
2026-08-19 19:05:38 USER=rupinder.kaur LAB=lab204 HOME=/home/rupinder.kaur
2026-08-19 19:11:59 USER=harinderpreet.kaur LAB=lab205 HOME=/home/harinderpreet.kaur
2026-08-19 19:12:07 USER=awais.sattar LAB=lab201 HOME=/home/awais.sattar
2026-08-19 19:14:01 USER=rupinder.kaur LAB=lab204 HOME=/home/rupinder.kaur
2026-08-19 19:14:45 USER=sana.abbasi LAB=lab207 HOME=/home/sana.abbasi
2026-08-19 19:18:39 USER=asfiya.umair LAB=lab203 HOME=/home/asfiya.umair
2026-08-19 19:19:27 USER=sana.abbasi LAB=lab207 HOME=/home/sana.abbasi
2026-08-19 19:21:16 USER=alina.muukhtar LAB=lab208 HOME=/home/alina.muukhtar
2026-08-19 19:22:04 USER=alina.muukhtar LAB=lab208 HOME=/home/alina.muukhtar
2026-08-19 19:22:27 USER=rupinder.kaur LAB=lab204 HOME=/home/rupinder.kaur
2026-08-19 19:30:07 USER=rupinder.kaur LAB=lab204 HOME=/home/rupinder.kaur
2026-08-19 19:30:18 USER=awais.sattar LAB=lab201 HOME=/home/awais.sattar
2026-08-19 19:30:25 USER=rupinder.kaur LAB=lab204 HOME=/home/rupinder.kaur
2026-08-19 19:32:14 USER=rupinder.kaur LAB=lab204 HOME=/home/rupinder.kaur
2026-08-19 19:33:27 USER=asfiya.umair LAB=lab204 HOME=/home/asfiya.umair
2026-08-19 19:34:34 USER=asfiya.umair LAB=lab204 HOME=/home/asfiya.umair
2026-08-19 19:37:47 USER=harinderpreet.kaur LAB=lab205 HOME=/home/harinderpreet.kaur
2026-08-19 19:37:57 USER=muhammad.bilal LAB=lab208 HOME=/home/muhammad.bilal
2026-08-19 19:46:18 USER=waseem.abbas LAB=lab205 HOME=/home/waseem.abbas
2026-08-19 19:48:20 USER=asfiya.umair LAB=lab204 HOME=/home/asfiya.umair
2026-08-19 19:48:36 USER=fatima.tabusum LAB=lab201 HOME=/home/fatima.tabusum
2026-08-19 19:49:03 USER=rupinder.kaur LAB=lab204 HOME=/home/rupinder.kaur
2026-08-19 19:50:36 USER=asfiya.umair LAB=lab204 HOME=/home/asfiya.umair
2026-08-19 19:52:38 USER=awais.sattar LAB=lab201 HOME=/home/awais.sattar
2026-08-19 19:53:30 USER=awais.sattar LAB=lab201 HOME=/home/awais.sattar
2026-08-19 19:56:33 USER=mehedi.hasan LAB=lab206 HOME=/home/mehedi.hasan
2026-08-19 19:56:56 USER=asfiya.umair LAB=lab204 HOME=/home/asfiya.umair
2026-08-19 19:58:16 USER=mehedi.hasan LAB=lab206 HOME=/home/mehedi.hasan
2026-08-19 19:59:17 USER=asfiya.umair LAB=lab204 HOME=/home/asfiya.umair
2026-08-19 20:00:52 USER=asfiya.umair LAB=lab204 HOME=/home/asfiya.umair
2026-08-19 20:02:32 USER=asfiya.umair LAB=lab204 HOME=/home/asfiya.umair
2026-08-19 20:03:52 USER=harinderpreet.kaur LAB=lab206 HOME=/home/harinderpreet.kaur
2026-08-19 20:04:54 USER=asfiya.umair LAB=lab204 HOME=/home/asfiya.umair
2026-08-19 20:05:49 USER=mehedi.hasan LAB=lab206 HOME=/home/mehedi.hasan
2026-08-19 20:06:27 USER=asfiya.umair LAB=lab204 HOME=/home/asfiya.umair
2026-08-19 20:14:14 USER=fatima.tabusum LAB=lab201 HOME=/home/fatima.tabusum
2026-08-19 20:18:25 USER=waseem.abbas LAB=lab205 HOME=/home/waseem.abbas
2026-08-19 20:18:49 USER=harinderpreet.kaur LAB=lab206 HOME=/home/harinderpreet.kaur
2026-08-19 20:20:22 USER=waseem.abbas LAB=lab205 HOME=/home/waseem.abbas
2026-08-19 20:22:34 USER=alina.muukhtar LAB=lab208 HOME=/home/alina.muukhtar
2026-08-19 20:23:16 USER=fatima.tabusum LAB=lab201 HOME=/home/fatima.tabusum
2026-08-19 20:23:17 USER=alina.muukhtar LAB=lab208 HOME=/home/alina.muukhtar
2026-08-19 20:26:23 USER=harinderpreet.kaur LAB=lab206 HOME=/home/harinderpreet.kaur
2026-08-19 20:27:39 USER=waseem.abbas LAB=lab205 HOME=/home/waseem.abbas
2026-08-19 20:29:50 USER=alina.muukhtar LAB=lab208 HOME=/home/alina.muukhtar
2026-08-19 20:30:21 USER=waseem.abbas LAB=lab205 HOME=/home/waseem.abbas
2026-08-19 20:32:06 USER=waseem.abbas LAB=lab205 HOME=/home/waseem.abbas
2026-08-19 20:35:15 USER=waseem.abbas LAB=lab205 HOME=/home/waseem.abbas
2026-08-19 20:35:54 USER=harinderpreet.kaur LAB=lab206 HOME=/home/harinderpreet.kaur
2026-08-19 20:35:56 USER=awais.sattar LAB=lab201 HOME=/home/awais.sattar
2026-08-19 20:40:32 USER=waseem.abbas LAB=lab205 HOME=/home/waseem.abbas
2026-08-19 20:41:50 USER=waseem.abbas LAB=lab205 HOME=/home/waseem.abbas
2026-08-19 20:43:18 USER=fatima.tabusum LAB=lab201 HOME=/home/fatima.tabusum
2026-08-19 20:44:54 USER=mehedi.hasan LAB=lab207 HOME=/home/mehedi.hasan
2026-08-19 20:46:09 USER=fatima.tabusum LAB=lab201 HOME=/home/fatima.tabusum
2026-08-19 20:49:58 USER=awais.sattar LAB=lab201 HOME=/home/awais.sattar
2026-08-19 20:50:45 USER=awais.sattar LAB=lab201 HOME=/home/awais.sattar
2026-08-19 20:54:56 USER=awais.sattar LAB=lab201 HOME=/home/awais.sattar
2026-08-19 20:57:36 USER=awais.sattar LAB=lab201 HOME=/home/awais.sattar
2026-08-19 21:15:05 USER=muhammad.shoaib LAB=lab208 HOME=/home/muhammad.shoaib
2026-08-19 21:21:34 USER=sadia.rafiq LAB=lab207 HOME=/home/sadia.rafiq
2026-08-19 21:28:06 USER=asfiya.umair LAB=lab208 HOME=/home/asfiya.umair
2026-08-19 21:30:20 USER=asfiya.umair LAB=lab208 HOME=/home/asfiya.umair
2026-08-19 21:31:13 USER=lubna.nazir LAB=lab208 HOME=/home/lubna.nazir
2026-08-19 21:32:00 USER=lubna.nazir LAB=lab208 HOME=/home/lubna.nazir
2026-08-19 21:32:11 USER=sadia.rafiq LAB=lab207 HOME=/home/sadia.rafiq
2026-08-19 21:32:54 USER=kamaljeet.kaur LAB=lab101 HOME=/home/kamaljeet.kaur
2026-08-19 21:34:19 USER=kamaljeet.kaur LAB=lab205 HOME=/home/kamaljeet.kaur
2026-08-19 21:49:33 USER=mehedi.hasan LAB=lab208 HOME=/home/mehedi.hasan
2026-08-19 21:57:33 USER=asfiya.umair LAB=lab208 HOME=/home/asfiya.umair
2026-08-19 21:57:53 USER=asfiya.umair LAB=lab208 HOME=/home/asfiya.umair
2026-08-19 22:00:30 USER=mehedi.hasan LAB=lab208 HOME=/home/mehedi.hasan
2026-08-19 22:03:56 USER=lubna.nazir LAB=lab208 HOME=/home/lubna.nazir
2026-08-19 22:04:19 USER=mehedi.hasan LAB=lab208 HOME=/home/mehedi.hasan
2026-08-19 22:04:34 USER=lubna.nazir LAB=lab208 HOME=/home/lubna.nazir
2026-08-19 22:06:48 USER=lubna.nazir LAB=lab209 HOME=/home/lubna.nazir
2026-08-19 22:09:06 USER=asfiya.umair LAB=lab208 HOME=/home/asfiya.umair
2026-08-19 22:13:49 USER=mehedi.hasan LAB=lab208 HOME=/home/mehedi.hasan
2026-08-19 22:14:34 USER=asfiya.umair LAB=lab208 HOME=/home/asfiya.umair
2026-08-19 22:23:01 USER=sumara.abbas LAB=lab208 HOME=/home/sumara.abbas
2026-08-19 22:24:18 USER=muneeb.ayub LAB=lab206 HOME=/home/muneeb.ayub
2026-08-19 22:24:35 USER=muneeb.ayub LAB=lab205 HOME=/home/muneeb.ayub
2026-08-19 22:24:47 USER=muneeb.ayub LAB=lab207 HOME=/home/muneeb.ayub
2026-08-19 22:25:05 USER=muneeb.ayub LAB=lab202 HOME=/home/muneeb.ayub
2026-08-19 22:26:17 USER=adeel.khan LAB=lab204 HOME=/home/adeel.khan
2026-08-19 22:26:57 USER=zara.khan LAB=lab201 HOME=/home/zara.khan
2026-08-19 22:28:28 USER=zara.khan LAB=lab206 HOME=/home/zara.khan
2026-08-19 22:29:13 USER=zara.khan LAB=lab204 HOME=/home/zara.khan
2026-08-19 22:30:01 USER=zara.khan LAB=lab205 HOME=/home/zara.khan
2026-08-19 22:31:23 USER=zara.khan LAB=lab206 HOME=/home/zara.khan
2026-08-19 22:31:56 USER=zara.khan LAB=lab205 HOME=/home/zara.khan
2026-08-19 22:32:38 USER=zara.khan LAB=lab206 HOME=/home/zara.khan
2026-08-19 22:35:47 USER=zara.khan LAB=lab205 HOME=/home/zara.khan
2026-08-19 22:38:40 USER=lubna.nazir LAB=lab208 HOME=/home/lubna.nazir
2026-08-19 22:39:00 USER=lubna.nazir LAB=lab209 HOME=/home/lubna.nazir
2026-08-19 22:39:06 USER=sadia.rafiq LAB=lab207 HOME=/home/sadia.rafiq
2026-08-19 22:41:12 USER=zara.khan LAB=lab205 HOME=/home/zara.khan
2026-08-19 22:49:22 USER=asfiya.umair LAB=lab208 HOME=/home/asfiya.umair
2026-08-19 22:49:52 USER=sana.abbasi LAB=lab207 HOME=/home/sana.abbasi
2026-08-19 22:50:56 USER=kinza.afzal LAB=lab208 HOME=/home/kinza.afzal
2026-08-19 22:51:33 USER=asfiya.umair LAB=lab208 HOME=/home/asfiya.umair
2026-08-19 23:06:23 USER=kinza.afzal LAB=lab209 HOME=/home/kinza.afzal
2026-08-19 23:12:19 USER=kinza.afzal LAB=lab209 HOME=/home/kinza.afzal
2026-08-19 23:17:45 USER=shafaq.zehra LAB=lab205 HOME=/home/shafaq.zehra
2026-08-19 23:26:10 USER=kinza.afzal LAB=lab209 HOME=/home/kinza.afzal
2026-08-19 23:26:59 USER=awais.afzal LAB=lab206 HOME=/home/awais.afzal
2026-08-19 23:41:04 USER=sardar.akmal LAB=lab205 HOME=/home/sardar.akmal
2026-08-19 23:42:22 USER=mehedi.hasan LAB=lab208 HOME=/home/mehedi.hasan
2026-08-19 23:42:25 USER=kamaljeet.kaur LAB=lab205 HOME=/home/kamaljeet.kaur
2026-08-19 23:45:37 USER=kinza.afzal LAB=lab209 HOME=/home/kinza.afzal
2026-08-19 23:46:17 USER=kamaljeet.kaur LAB=lab205 HOME=/home/kamaljeet.kaur
2026-08-19 23:46:35 USER=kamaljeet.kaur LAB=lab205 HOME=/home/kamaljeet.kaur
2026-08-19 23:55:53 USER=kamaljeet.kaur LAB=lab205 HOME=/home/kamaljeet.kaur
2026-08-20 00:03:06 USER=mehedi.hasan LAB=lab209 HOME=/home/mehedi.hasan
2026-08-20 00:04:49 USER=kamaljeet.kaur LAB=lab205 HOME=/home/kamaljeet.kaur
2026-08-20 00:08:37 USER=sardar.akmal LAB=lab205 HOME=/home/sardar.akmal
2026-08-20 00:10:13 USER=sardar.akmal LAB=lab205 HOME=/home/sardar.akmal
2026-08-20 00:11:43 USER=kinza.afzal LAB=lab209 HOME=/home/kinza.afzal
2026-08-20 00:13:41 USER=kinza.afzal LAB=lab209 HOME=/home/kinza.afzal
2026-08-20 00:13:54 USER=roha.iqbal LAB=lab201 HOME=/home/roha.iqbal
2026-08-20 00:17:53 USER=babli.mehta LAB=lab205 HOME=/home/babli.mehta
2026-08-20 00:18:58 USER=kinza.afzal LAB=lab209 HOME=/home/kinza.afzal
2026-08-20 00:20:40 USER=zara.khan LAB=lab206 HOME=/home/zara.khan
2026-08-20 00:29:12 USER=sardar.akmal LAB=lab205 HOME=/home/sardar.akmal
2026-08-20 00:29:33 USER=sardar.akmal LAB=lab205 HOME=/home/sardar.akmal
2026-08-20 00:32:24 USER=mamoona.ijaz LAB=lab205 HOME=/home/mamoona.ijaz
2026-08-20 00:32:29 USER=awais.afzal LAB=lab205 HOME=/home/awais.afzal
2026-08-20 00:33:27 USER=kamaljeet.kaur LAB=lab205 HOME=/home/kamaljeet.kaur
2026-08-20 00:33:45 USER=shafaq.zehra LAB=lab205 HOME=/home/shafaq.zehra
2026-08-20 00:34:02 USER=ayesha.aslam LAB=lab205 HOME=/home/ayesha.aslam
2026-08-20 00:34:11 USER=zunaira.akhtar LAB=lab205 HOME=/home/zunaira.akhtar
2026-08-20 00:35:45 USER=syedali6908 LAB=lab202 HOME=/home/syedali6908
2026-08-20 00:40:23 USER=kamaljeet.kaur LAB=lab205 HOME=/home/kamaljeet.kaur
2026-08-20 00:42:03 USER=awais.sattar LAB=lab205 HOME=/home/awais.sattar
2026-08-20 00:42:39 USER=ayesha.aslam LAB=lab205 HOME=/home/ayesha.aslam
2026-08-20 00:43:06 USER=shafaq.zehra LAB=lab205 HOME=/home/shafaq.zehra
2026-08-20 00:44:59 USER=danyal.khan LAB=lab204 HOME=/home/danyal.khan
2026-08-20 00:48:36 USER=danyal.khan LAB=lab204 HOME=/home/danyal.khan
2026-08-20 00:50:04 USER=syedali6908 LAB=lab203 HOME=/home/syedali6908
2026-08-20 00:50:20 USER=zara.khan LAB=lab206 HOME=/home/zara.khan
2026-08-20 00:50:53 USER=syedali6908 LAB=lab204 HOME=/home/syedali6908
2026-08-20 00:50:54 USER=awais.sattar LAB=lab205 HOME=/home/awais.sattar
2026-08-20 00:51:20 USER=syedali6908 LAB=lab205 HOME=/home/syedali6908
2026-08-20 00:55:02 USER=mehedi.hasan LAB=lab209 HOME=/home/mehedi.hasan
2026-08-20 00:55:33 USER=mehedi.hasan LAB=lab101 HOME=/home/mehedi.hasan
2026-08-20 00:55:42 USER=mehedi.hasan LAB=lab102 HOME=/home/mehedi.hasan
2026-08-20 00:58:55 USER=shafaq.zehra LAB=lab205 HOME=/home/shafaq.zehra
2026-08-20 00:59:39 USER=noor.fatima LAB=lab206 HOME=/home/noor.fatima
2026-08-20 01:00:42 USER=noor.fatima LAB=lab207 HOME=/home/noor.fatima
2026-08-20 01:01:20 USER=awais.sattar LAB=lab205 HOME=/home/awais.sattar
2026-08-20 01:03:26 USER=shafaq.zehra LAB=lab205 HOME=/home/shafaq.zehra
2026-08-20 01:04:47 USER=sardar.akmal LAB=lab205 HOME=/home/sardar.akmal
2026-08-20 01:05:09 USER=hamza.bashir LAB=lab205 HOME=/home/hamza.bashir
2026-08-20 01:05:15 USER=shafaq.zehra LAB=lab205 HOME=/home/shafaq.zehra
2026-08-20 01:07:41 USER=sardar.akmal LAB=lab205 HOME=/home/sardar.akmal
2026-08-20 01:08:57 USER=shafaq.zehra LAB=lab205 HOME=/home/shafaq.zehra
2026-08-20 01:11:17 USER=shafaq.zehra LAB=lab204 HOME=/home/shafaq.zehra
2026-08-20 01:11:47 USER=shafaq.zehra LAB=lab203 HOME=/home/shafaq.zehra
2026-08-20 01:14:31 USER=awais.sattar LAB=lab205 HOME=/home/awais.sattar
2026-08-20 01:14:45 USER=muhammad.khan LAB=lab209 HOME=/home/muhammad.khan
2026-08-20 01:19:12 USER=shafaq.zehra LAB=lab203 HOME=/home/shafaq.zehra
2026-08-20 01:20:41 USER=syedali6908 LAB=lab205 HOME=/home/syedali6908
2026-08-20 01:21:22 USER=syedali6908 LAB=lab201 HOME=/home/syedali6908
2026-08-20 01:24:16 USER=syedali6908 LAB=lab201 HOME=/home/syedali6908
2026-08-20 01:24:27 USER=noor.fatima LAB=lab208 HOME=/home/noor.fatima
2026-08-20 01:30:02 USER=syedali6908 LAB=lab201 HOME=/home/syedali6908
2026-08-20 01:32:57 USER=syedali6908 LAB=lab201 HOME=/home/syedali6908
2026-08-20 01:33:51 USER=syedali6908 LAB=lab201 HOME=/home/syedali6908
2026-08-20 01:34:23 USER=aqsa.mian LAB=lab209 HOME=/home/aqsa.mian
2026-08-20 01:34:52 USER=aqsa.mian LAB=lab209 HOME=/home/aqsa.mian
2026-08-20 01:35:04 USER=syedali6908 LAB=lab201 HOME=/home/syedali6908
2026-08-20 01:35:04 USER=aqsa.mian LAB=lab209 HOME=/home/aqsa.mian
2026-08-20 01:35:49 USER=danyal.khan LAB=lab205 HOME=/home/danyal.khan
2026-08-20 01:36:33 USER=saba.akhtar LAB=lab206 HOME=/home/saba.akhtar
2026-08-20 01:37:05 USER=noor.fatima LAB=lab208 HOME=/home/noor.fatima
2026-08-20 01:37:12 USER=noor.fatima LAB=lab209 HOME=/home/noor.fatima
2026-08-20 01:37:23 USER=aqsa.mian LAB=lab209 HOME=/home/aqsa.mian
2026-08-20 01:37:36 USER=aqsa.mian LAB=lab201 HOME=/home/aqsa.mian
2026-08-20 01:37:42 USER=aqsa.mian LAB=lab202 HOME=/home/aqsa.mian
2026-08-20 01:37:47 USER=aqsa.mian LAB=lab203 HOME=/home/aqsa.mian
2026-08-20 01:37:57 USER=aqsa.mian LAB=lab204 HOME=/home/aqsa.mian
2026-08-20 01:38:05 USER=aqsa.mian LAB=lab203 HOME=/home/aqsa.mian
2026-08-20 01:40:04 USER=aqsa.mian LAB=lab203 HOME=/home/aqsa.mian
2026-08-20 01:40:55 USER=syedali6908 LAB=lab201 HOME=/home/syedali6908
2026-08-20 01:46:19 USER=syedali6908 LAB=lab201 HOME=/home/syedali6908
2026-08-20 01:46:42 USER=syedali6908 LAB=lab206 HOME=/home/syedali6908
2026-08-20 01:50:55 USER=syedali6908 LAB=lab206 HOME=/home/syedali6908
2026-08-20 01:54:11 USER=aqsa.mian LAB=lab203 HOME=/home/aqsa.mian
2026-08-20 01:54:22 USER=aqsa.mian LAB=lab203 HOME=/home/aqsa.mian
2026-08-20 01:54:46 USER=syedali6908 LAB=lab206 HOME=/home/syedali6908
2026-08-20 01:55:12 USER=syedali6908 LAB=lab207 HOME=/home/syedali6908
2026-08-20 01:55:30 USER=syedali6908 LAB=lab209 HOME=/home/syedali6908
2026-08-20 01:55:42 USER=aqsa.mian LAB=lab204 HOME=/home/aqsa.mian
2026-08-20 01:56:35 USER=aqsa.mian LAB=lab204 HOME=/home/aqsa.mian
2026-08-20 02:00:30 USER=awais.ahmed LAB=lab209 HOME=/home/awais.ahmed
2026-08-20 02:04:22 USER=rabia.tariq LAB=lab208 HOME=/home/rabia.tariq
2026-08-20 02:11:25 USER=adil.zafar LAB=lab208 HOME=/home/adil.zafar
2026-08-20 02:11:57 USER=syedali6908 LAB=lab209 HOME=/home/syedali6908
2026-08-20 02:12:38 USER=shafaq.zehra LAB=lab203 HOME=/home/shafaq.zehra
2026-08-20 02:13:51 USER=syedali6908 LAB=lab209 HOME=/home/syedali6908
2026-08-20 02:16:20 USER=syedali6908 LAB=lab209 HOME=/home/syedali6908
2026-08-20 02:17:15 USER=syedali6908 LAB=lab208 HOME=/home/syedali6908
2026-08-20 02:18:18 USER=adil.zafar LAB=lab208 HOME=/home/adil.zafar
2026-08-20 02:20:05 USER=muneeb.ayub LAB=lab206 HOME=/home/muneeb.ayub
2026-08-20 02:22:21 USER=adil.zafar LAB=lab208 HOME=/home/adil.zafar
2026-08-20 02:23:27 USER=muneeb.ayub LAB=lab206 HOME=/home/muneeb.ayub
2026-08-20 02:26:57 USER=muneeb.ayub LAB=lab206 HOME=/home/muneeb.ayub
2026-08-20 02:27:44 USER=danyal.khan LAB=lab206 HOME=/home/danyal.khan
2026-08-20 02:29:38 USER=muneeb.ayub LAB=lab206 HOME=/home/muneeb.ayub
2026-08-20 02:40:17 USER=fakhr.rabbani LAB=lab207 HOME=/home/fakhr.rabbani
2026-08-20 02:40:28 USER=gurmat.kaur LAB=lab207 HOME=/home/gurmat.kaur
2026-08-20 02:41:34 USER=khawar.abbas LAB=lab208 HOME=/home/khawar.abbas
2026-08-20 02:44:40 USER=aqsa.mian LAB=lab204 HOME=/home/aqsa.mian
2026-08-20 02:47:02 USER=aqsa.mian LAB=lab207 HOME=/home/aqsa.mian
2026-08-20 02:51:50 USER=muhammad.shoaib LAB=lab209 HOME=/home/muhammad.shoaib
2026-08-20 02:58:54 USER=shafaq.zehra LAB=lab208 HOME=/home/shafaq.zehra
2026-08-20 02:59:51 USER=sadia.rafiq LAB=lab208 HOME=/home/sadia.rafiq
2026-08-20 03:00:30 USER=muneeb.ayub LAB=lab201 HOME=/home/muneeb.ayub
2026-08-20 03:04:38 USER=muneeb.ayub LAB=lab201 HOME=/home/muneeb.ayub
2026-08-20 03:06:33 USER=muneeb.ayub LAB=lab201 HOME=/home/muneeb.ayub
2026-08-20 03:06:56 USER=muneeb.ayub LAB=lab208 HOME=/home/muneeb.ayub
2026-08-20 03:07:13 USER=muneeb.ayub LAB=lab202 HOME=/home/muneeb.ayub
2026-08-20 03:26:03 USER=sadia.rafiq LAB=lab208 HOME=/home/sadia.rafiq
2026-08-20 03:31:02 USER=saba.akhtar LAB=lab207 HOME=/home/saba.akhtar
2026-08-20 03:31:57 USER=mukhtar.mohammed LAB=lab201 HOME=/home/mukhtar.mohammed
2026-08-20 03:42:14 USER=khawar.abbas LAB=lab208 HOME=/home/khawar.abbas
2026-08-20 03:42:54 USER=khawar.abbas LAB=lab201 HOME=/home/khawar.abbas
2026-08-20 03:43:01 USER=khawar.abbas LAB=lab202 HOME=/home/khawar.abbas
2026-08-20 03:43:15 USER=khawar.abbas LAB=lab203 HOME=/home/khawar.abbas
2026-08-20 03:43:22 USER=khawar.abbas LAB=lab204 HOME=/home/khawar.abbas
2026-08-20 03:43:28 USER=khawar.abbas LAB=lab205 HOME=/home/khawar.abbas
2026-08-20 03:43:34 USER=khawar.abbas LAB=lab206 HOME=/home/khawar.abbas
2026-08-20 03:43:41 USER=khawar.abbas LAB=lab207 HOME=/home/khawar.abbas
2026-08-20 03:43:53 USER=khawar.abbas LAB=lab208 HOME=/home/khawar.abbas
2026-08-20 03:46:00 USER=khawar.abbas LAB=lab209 HOME=/home/khawar.abbas
2026-08-20 03:54:33 USER=zara.khan LAB=lab206 HOME=/home/zara.khan
2026-08-20 04:48:44 USER=muhammad.shoaib LAB=lab209 HOME=/home/muhammad.shoaib
2026-08-20 04:50:45 USER=mukhtar.mohammed LAB=lab202 HOME=/home/mukhtar.mohammed
2026-08-20 04:51:53 USER=muhammad.shoaib LAB=lab209 HOME=/home/muhammad.shoaib
2026-08-20 04:54:06 USER=muhammad.shoaib LAB=lab209 HOME=/home/muhammad.shoaib
2026-08-20 04:55:12 USER=mukhtar.mohammed LAB=lab202 HOME=/home/mukhtar.mohammed
2026-08-20 05:19:16 USER=muhammad.annam LAB=lab208 HOME=/home/muhammad.annam
2026-08-20 05:20:12 USER=muhammad.annam LAB=lab208 HOME=/home/muhammad.annam
2026-08-20 05:42:05 USER=mukhtar.mohammed LAB=lab203 HOME=/home/mukhtar.mohammed
2026-08-20 06:28:31 USER=mukhtar.mohammed LAB=lab204 HOME=/home/mukhtar.mohammed
2026-08-20 06:29:52 USER=mukhtar.mohammed LAB=lab204 HOME=/home/mukhtar.mohammed
2026-08-20 07:13:33 USER=adeel.khan LAB=lab204 HOME=/home/adeel.khan
2026-08-20 07:17:12 USER=adeel.khan LAB=lab204 HOME=/home/adeel.khan
2026-08-20 08:21:19 USER=talha.zubair LAB=lab201 HOME=/home/talha.zubair
2026-08-20 08:21:25 USER=talha.zubair LAB=lab202 HOME=/home/talha.zubair
2026-08-20 08:21:58 USER=talha.zubair LAB=lab202 HOME=/home/talha.zubair
2026-08-20 08:27:02 USER=talha.zubair LAB=lab202 HOME=/home/talha.zubair
2026-08-20 08:40:30 USER=talha.zubair LAB=lab202 HOME=/home/talha.zubair
2026-08-20 08:41:31 USER=talha.zubair LAB=lab203 HOME=/home/talha.zubair
2026-08-20 08:41:37 USER=talha.zubair LAB=lab204 HOME=/home/talha.zubair
2026-08-20 08:41:45 USER=talha.zubair LAB=lab205 HOME=/home/talha.zubair
2026-08-20 08:57:30 USER=talha.zubair LAB=lab205 HOME=/home/talha.zubair
2026-08-20 09:14:49 USER=talha.zubair LAB=lab205 HOME=/home/talha.zubair
2026-08-20 09:15:03 USER=talha.zubair LAB=lab205 HOME=/home/talha.zubair
2026-08-20 09:15:13 USER=talha.zubair LAB=lab206 HOME=/home/talha.zubair
2026-08-20 09:15:28 USER=talha.zubair LAB=lab207 HOME=/home/talha.zubair
2026-08-20 10:26:55 USER=awais.sattar LAB=lab201 HOME=/home/awais.sattar
2026-08-20 10:27:50 USER=awais.sattar LAB=lab201 HOME=/home/awais.sattar
2026-08-20 10:37:27 USER=alina.muukhtar LAB=lab208 HOME=/home/alina.muukhtar
2026-08-20 10:41:46 USER=alina.muukhtar LAB=lab208 HOME=/home/alina.muukhtar
2026-08-20 11:28:01 USER=alina.muukhtar LAB=lab209 HOME=/home/alina.muukhtar
2026-08-20 11:28:28 USER=alina.muukhtar LAB=lab209 HOME=/home/alina.muukhtar
2026-08-20 11:31:51 USER=salman.duggal LAB=lab203 HOME=/home/salman.duggal
2026-08-20 11:32:24 USER=alina.muukhtar LAB=lab209 HOME=/home/alina.muukhtar
2026-08-20 11:39:05 USER=alina.muukhtar LAB=lab209 HOME=/home/alina.muukhtar
2026-08-20 11:40:44 USER=alina.muukhtar LAB=lab209 HOME=/home/alina.muukhtar
2026-08-20 11:41:05 USER=alina.muukhtar LAB=lab208 HOME=/home/alina.muukhtar
2026-08-20 11:41:23 USER=alina.muukhtar LAB=lab207 HOME=/home/alina.muukhtar
2026-08-20 11:41:33 USER=alina.muukhtar LAB=lab206 HOME=/home/alina.muukhtar
2026-08-20 11:41:46 USER=alina.muukhtar LAB=lab205 HOME=/home/alina.muukhtar
2026-08-20 11:41:56 USER=alina.muukhtar LAB=lab204 HOME=/home/alina.muukhtar
2026-08-20 12:00:41 USER=awais.sattar LAB=lab202 HOME=/home/awais.sattar
2026-08-20 12:17:25 USER=salman.duggal LAB=lab203 HOME=/home/salman.duggal
2026-08-20 12:20:13 USER=salman.duggal LAB=lab204 HOME=/home/salman.duggal
2026-08-20 12:21:12 USER=salman.duggal LAB=lab204 HOME=/home/salman.duggal
2026-08-20 12:22:36 USER=salman.duggal LAB=lab205 HOME=/home/salman.duggal
2026-08-20 12:29:58 USER=zunaira.akhtar LAB=lab201 HOME=/home/zunaira.akhtar
2026-08-20 12:34:16 USER=zunaira.akhtar LAB=lab201 HOME=/home/zunaira.akhtar
2026-08-20 12:36:10 USER=salman.duggal LAB=lab205 HOME=/home/salman.duggal
2026-08-20 12:41:08 USER=zunaira.akhtar LAB=lab201 HOME=/home/zunaira.akhtar
2026-08-20 12:44:03 USER=zunaira.akhtar LAB=lab201 HOME=/home/zunaira.akhtar
2026-08-20 12:47:40 USER=salman.duggal LAB=lab205 HOME=/home/salman.duggal
2026-08-20 12:49:41 USER=zunaira.akhtar LAB=lab201 HOME=/home/zunaira.akhtar
2026-08-20 12:51:43 USER=salman.duggal LAB=lab205 HOME=/home/salman.duggal
2026-08-20 13:05:13 USER=hasnat.kamal LAB=lab101 HOME=/home/hasnat.kamal
2026-08-20 13:07:57 USER=zunaira.akhtar LAB=lab202 HOME=/home/zunaira.akhtar
2026-08-20 13:21:23 USER=fatima.tabusum LAB=lab201 HOME=/home/fatima.tabusum
2026-08-20 13:21:47 USER=fatima.tabusum LAB=lab207 HOME=/home/fatima.tabusum
2026-08-20 13:28:47 USER=zunaira.akhtar LAB=lab203 HOME=/home/zunaira.akhtar
2026-08-20 13:39:02 USER=zunaira.akhtar LAB=lab203 HOME=/home/zunaira.akhtar
2026-08-20 13:40:07 USER=umaira.zaib LAB=lab204 HOME=/home/umaira.zaib
2026-08-20 13:45:33 USER=awais.sattar LAB=lab202 HOME=/home/awais.sattar
2026-08-20 13:45:57 USER=fatima.tabusum LAB=lab201 HOME=/home/fatima.tabusum
2026-08-20 13:47:23 USER=fatima.tabusum LAB=lab201 HOME=/home/fatima.tabusum
2026-08-20 13:51:20 USER=awais.sattar LAB=lab202 HOME=/home/awais.sattar
2026-08-20 13:51:42 USER=fatima.tabusum LAB=lab201 HOME=/home/fatima.tabusum
2026-08-20 13:52:23 USER=awais.sattar LAB=lab202 HOME=/home/awais.sattar
2026-08-20 13:53:17 USER=fatima.tabusum LAB=lab201 HOME=/home/fatima.tabusum
2026-08-20 13:55:05 USER=awais.sattar LAB=lab202 HOME=/home/awais.sattar
2026-08-20 13:56:32 USER=fatima.tabusum LAB=lab201 HOME=/home/fatima.tabusum
2026-08-20 13:57:44 USER=awais.sattar LAB=lab202 HOME=/home/awais.sattar
2026-08-20 13:59:28 USER=zunaira.akhtar LAB=lab204 HOME=/home/zunaira.akhtar
2026-08-20 14:00:09 USER=zunaira.akhtar LAB=lab205 HOME=/home/zunaira.akhtar
2026-08-20 14:05:40 USER=fatima.tabusum LAB=lab201 HOME=/home/fatima.tabusum
2026-08-20 14:33:33 USER=fatima.tabusum LAB=lab201 HOME=/home/fatima.tabusum
2026-08-20 14:40:44 USER=salman.duggal LAB=lab205 HOME=/home/salman.duggal
2026-08-20 14:50:40 USER=salman.duggal LAB=lab205 HOME=/home/salman.duggal
2026-08-20 14:52:19 USER=salman.duggal LAB=lab206 HOME=/home/salman.duggal
2026-08-20 14:53:46 USER=fatima.tabusum LAB=lab201 HOME=/home/fatima.tabusum
2026-08-20 14:54:53 USER=salman.duggal LAB=lab206 HOME=/home/salman.duggal
2026-08-20 15:06:37 USER=zunaira.akhtar LAB=lab205 HOME=/home/zunaira.akhtar
2026-08-20 15:38:17 USER=syed.ali LAB=lab201 HOME=/home/syed.ali
2026-08-20 15:40:15 USER=awais.sattar LAB=lab202 HOME=/home/awais.sattar
2026-08-20 15:41:36 USER=asfiya.umair LAB=lab208 HOME=/home/asfiya.umair
2026-08-20 15:41:39 USER=awais.sattar LAB=lab202 HOME=/home/awais.sattar
2026-08-20 15:48:42 USER=sameer.awais LAB=lab209 HOME=/home/sameer.awais
2026-08-20 16:33:23 USER=sameer.awais LAB=lab209 HOME=/home/sameer.awais
2026-08-20 16:33:44 USER=lubna.nazir LAB=lab209 HOME=/home/lubna.nazir
2026-08-20 16:39:59 USER=syed.ali LAB=lab202 HOME=/home/syed.ali
2026-08-20 16:41:58 USER=lubna.nazir LAB=lab209 HOME=/home/lubna.nazir
2026-08-20 16:43:50 USER=lubna.nazir LAB=lab209 HOME=/home/lubna.nazir
2026-08-20 16:44:44 USER=asfiya.umair LAB=lab208 HOME=/home/asfiya.umair
2026-08-20 16:49:16 USER=lubna.nazir LAB=lab209 HOME=/home/lubna.nazir
2026-08-20 16:50:23 USER=lubna.nazir LAB=lab209 HOME=/home/lubna.nazir
2026-08-20 16:53:54 USER=syed.ali LAB=lab202 HOME=/home/syed.ali
2026-08-20 16:55:05 USER=syed.ali LAB=lab202 HOME=/home/syed.ali
2026-08-20 16:58:34 USER=syed.ali LAB=lab202 HOME=/home/syed.ali
2026-08-20 17:06:04 USER=syed.ali LAB=lab202 HOME=/home/syed.ali
2026-08-20 17:09:32 USER=asfiya.umair LAB=lab205 HOME=/home/asfiya.umair
2026-08-20 17:11:16 USER=asfiya.umair LAB=lab205 HOME=/home/asfiya.umair
2026-08-20 17:14:01 USER=fatima.tabusum LAB=lab205 HOME=/home/fatima.tabusum
2026-08-20 17:21:02 USER=asfiya.umair LAB=lab205 HOME=/home/asfiya.umair
2026-08-20 17:21:31 USER=lubna.nazir LAB=lab201 HOME=/home/lubna.nazir
2026-08-20 17:24:12 USER=lubna.nazir LAB=lab201 HOME=/home/lubna.nazir
2026-08-20 17:26:03 USER=lubna.nazir LAB=lab201 HOME=/home/lubna.nazir
2026-08-20 17:29:48 USER=lubna.nazir LAB=lab201 HOME=/home/lubna.nazir
2026-08-20 17:31:17 USER=asfiya.umair LAB=lab205 HOME=/home/asfiya.umair
2026-08-20 17:33:02 USER=asfiya.umair LAB=lab205 HOME=/home/asfiya.umair
2026-08-20 17:37:21 USER=lubna.nazir LAB=lab201 HOME=/home/lubna.nazir
2026-08-20 17:42:20 USER=asfiya.umair LAB=lab205 HOME=/home/asfiya.umair
2026-08-20 17:45:59 USER=harinderpreet.kaur LAB=lab206 HOME=/home/harinderpreet.kaur
2026-08-20 17:47:41 USER=asfiya.umair LAB=lab205 HOME=/home/asfiya.umair
2026-08-20 17:49:43 USER=kashif.zaman LAB=lab209 HOME=/home/kashif.zaman
2026-08-20 17:50:35 USER=kashif.zaman LAB=lab201 HOME=/home/kashif.zaman
2026-08-20 18:00:09 USER=harinderpreet.kaur LAB=lab206 HOME=/home/harinderpreet.kaur
2026-08-20 18:01:10 USER=muhammad.shoaib LAB=lab201 HOME=/home/muhammad.shoaib
2026-08-20 18:07:15 USER=harinderpreet.kaur LAB=lab206 HOME=/home/harinderpreet.kaur
2026-08-20 18:08:58 USER=asfiya.umair LAB=lab205 HOME=/home/asfiya.umair
2026-08-20 18:10:46 USER=asfiya.umair LAB=lab205 HOME=/home/asfiya.umair
2026-08-20 18:23:45 USER=kashif.zaman LAB=lab201 HOME=/home/kashif.zaman
2026-08-20 18:31:14 USER=muhammad.annam LAB=lab208 HOME=/home/muhammad.annam
2026-08-20 18:37:44 USER=harinderpreet.kaur LAB=lab206 HOME=/home/harinderpreet.kaur
2026-08-20 18:39:48 USER=umaira.zaib LAB=lab205 HOME=/home/umaira.zaib
2026-08-20 18:41:57 USER=kashif.zaman LAB=lab208 HOME=/home/kashif.zaman
2026-08-20 18:49:03 USER=sameer.awais LAB=lab209 HOME=/home/sameer.awais
2026-08-20 18:54:50 USER=syed.ali LAB=lab203 HOME=/home/syed.ali
2026-08-20 19:06:46 USER=harinderpreet.kaur LAB=lab206 HOME=/home/harinderpreet.kaur
2026-08-20 19:08:17 USER=harinderpreet.kaur LAB=lab206 HOME=/home/harinderpreet.kaur
2026-08-20 19:08:46 USER=harinderpreet.kaur LAB=lab206 HOME=/home/harinderpreet.kaur
2026-08-20 19:20:33 USER=harinderpreet.kaur LAB=lab207 HOME=/home/harinderpreet.kaur
2026-08-20 19:29:02 USER=rabia.tariq LAB=lab208 HOME=/home/rabia.tariq
2026-08-20 19:31:09 USER=harinderpreet.kaur LAB=lab207 HOME=/home/harinderpreet.kaur
2026-08-20 19:39:34 USER=syed.ali LAB=lab204 HOME=/home/syed.ali
2026-08-20 19:47:36 USER=muhammad.annam LAB=lab208 HOME=/home/muhammad.annam
2026-08-20 19:49:00 USER=syed.ali LAB=lab205 HOME=/home/syed.ali
2026-08-20 19:50:29 USER=muhammad.annam LAB=lab208 HOME=/home/muhammad.annam
2026-08-20 19:50:50 USER=isbah.noor LAB=lab209 HOME=/home/isbah.noor
2026-08-20 19:50:50 USER=muhammad.annam LAB=lab209 HOME=/home/muhammad.annam
2026-08-20 19:51:08 USER=muhammad.annam LAB=lab209 HOME=/home/muhammad.annam
2026-08-20 20:01:01 USER=syed.ali LAB=lab205 HOME=/home/syed.ali
2026-08-20 20:05:35 USER=syed.ali LAB=lab205 HOME=/home/syed.ali
2026-08-20 20:10:51 USER=muhammad.annam LAB=lab209 HOME=/home/muhammad.annam
2026-08-20 20:11:05 USER=muhammad.annam LAB=lab208 HOME=/home/muhammad.annam
2026-08-20 20:25:28 USER=zeeshan.ali LAB=lab201 HOME=/home/zeeshan.ali
2026-08-20 20:29:24 USER=muhammad.annam LAB=lab209 HOME=/home/muhammad.annam
2026-08-20 20:30:16 USER=muhammad.annam LAB=lab209 HOME=/home/muhammad.annam
2026-08-20 20:30:21 USER=rabia.tariq LAB=lab209 HOME=/home/rabia.tariq
2026-08-20 20:34:25 USER=kamaljeet.kaur LAB=lab206 HOME=/home/kamaljeet.kaur
2026-08-20 20:36:08 USER=muhammad.annam LAB=lab209 HOME=/home/muhammad.annam
2026-08-20 20:38:36 USER=muhammad.annam LAB=lab209 HOME=/home/muhammad.annam
2026-08-20 20:40:15 USER=syed.ali LAB=lab205 HOME=/home/syed.ali
2026-08-20 20:41:34 USER=muhammad.annam LAB=lab209 HOME=/home/muhammad.annam
2026-08-20 20:42:02 USER=muhammad.annam LAB=lab201 HOME=/home/muhammad.annam
2026-08-20 20:42:10 USER=muhammad.annam LAB=lab202 HOME=/home/muhammad.annam
2026-08-20 20:42:18 USER=muhammad.annam LAB=lab203 HOME=/home/muhammad.annam
2026-08-20 20:42:26 USER=muhammad.annam LAB=lab204 HOME=/home/muhammad.annam
2026-08-20 20:42:36 USER=muhammad.annam LAB=lab205 HOME=/home/muhammad.annam
2026-08-20 20:42:45 USER=muhammad.annam LAB=lab206 HOME=/home/muhammad.annam
2026-08-20 20:42:54 USER=muhammad.annam LAB=lab207 HOME=/home/muhammad.annam
2026-08-20 20:43:04 USER=muhammad.annam LAB=lab208 HOME=/home/muhammad.annam
2026-08-20 20:43:12 USER=muhammad.annam LAB=lab209 HOME=/home/muhammad.annam
2026-08-20 20:48:37 USER=muhammad.shoaib LAB=lab201 HOME=/home/muhammad.shoaib
2026-08-20 20:49:59 USER=muhammad.shoaib LAB=lab201 HOME=/home/muhammad.shoaib
2026-08-20 20:50:53 USER=kamaljeet.kaur LAB=lab206 HOME=/home/kamaljeet.kaur
2026-08-20 20:56:58 USER=syed.ali LAB=lab205 HOME=/home/syed.ali
2026-08-20 20:57:19 USER=muhammad.shoaib LAB=lab201 HOME=/home/muhammad.shoaib
2026-08-20 21:02:34 USER=kamaljeet.kaur LAB=lab206 HOME=/home/kamaljeet.kaur
2026-08-20 21:03:56 USER=zeeshan.ali LAB=lab202 HOME=/home/zeeshan.ali
2026-08-20 21:04:30 USER=isbah.noor LAB=lab209 HOME=/home/isbah.noor
2026-08-20 21:08:20 USER=sadia.rafiq LAB=lab208 HOME=/home/sadia.rafiq
2026-08-20 21:15:21 USER=lubna.nazir LAB=lab201 HOME=/home/lubna.nazir
2026-08-20 21:27:40 USER=lubna.nazir LAB=lab201 HOME=/home/lubna.nazir
2026-08-20 21:29:27 USER=syed.ali LAB=lab205 HOME=/home/syed.ali
2026-08-20 21:36:02 USER=kamaljeet.kaur LAB=lab206 HOME=/home/kamaljeet.kaur
2026-08-20 21:40:27 USER=lubna.nazir LAB=lab201 HOME=/home/lubna.nazir
2026-08-20 21:43:42 USER=kamaljeet.kaur LAB=lab206 HOME=/home/kamaljeet.kaur
2026-08-20 21:49:10 USER=lubna.nazir LAB=lab201 HOME=/home/lubna.nazir
2026-08-20 21:51:51 USER=lubna.nazir LAB=lab201 HOME=/home/lubna.nazir
2026-08-20 22:00:44 USER=rikza.ali LAB=lab209 HOME=/home/rikza.ali
2026-08-20 22:01:11 USER=sadia.rafiq LAB=lab208 HOME=/home/sadia.rafiq
2026-08-20 22:03:17 USER=rikza.ali LAB=lab209 HOME=/home/rikza.ali
2026-08-20 22:05:06 USER=rikza.ali LAB=lab209 HOME=/home/rikza.ali
2026-08-20 22:05:45 USER=adil.zafar LAB=lab201 HOME=/home/adil.zafar
2026-08-20 22:06:35 USER=sadia.rafiq LAB=lab208 HOME=/home/sadia.rafiq
2026-08-20 22:07:04 USER=sadia.rafiq LAB=lab208 HOME=/home/sadia.rafiq
2026-08-20 22:09:21 USER=adil.zafar LAB=lab201 HOME=/home/adil.zafar
2026-08-20 22:11:18 USER=adil.zafar LAB=lab201 HOME=/home/adil.zafar
2026-08-20 22:13:13 USER=asfiya.umair LAB=lab205 HOME=/home/asfiya.umair
2026-08-20 22:15:12 USER=adil.zafar LAB=lab201 HOME=/home/adil.zafar
2026-08-20 22:16:10 USER=asfiya.umair LAB=lab205 HOME=/home/asfiya.umair
2026-08-20 22:16:12 USER=adil.zafar LAB=lab201 HOME=/home/adil.zafar
2026-08-20 22:20:16 USER=muhammad.sulaman LAB=lab201 HOME=/home/muhammad.sulaman
2026-08-20 22:42:34 USER=adil.zafar LAB=lab201 HOME=/home/adil.zafar
2026-08-20 22:43:31 USER=adil.zafar LAB=lab201 HOME=/home/adil.zafar
2026-08-20 22:46:26 USER=adil.zafar LAB=lab201 HOME=/home/adil.zafar
2026-08-20 22:46:56 USER=adil.zafar LAB=lab201 HOME=/home/adil.zafar
2026-08-20 22:47:23 USER=adil.zafar LAB=lab201 HOME=/home/adil.zafar
2026-08-20 22:51:02 USER=adil.zafar LAB=lab201 HOME=/home/adil.zafar
2026-08-20 22:53:41 USER=asfiya.umair LAB=lab205 HOME=/home/asfiya.umair
2026-08-20 22:54:05 USER=umaira.zaib LAB=lab206 HOME=/home/umaira.zaib
2026-08-20 23:04:37 USER=babli.mehta LAB=lab206 HOME=/home/babli.mehta
2026-08-20 23:06:19 USER=asfiya.umair LAB=lab206 HOME=/home/asfiya.umair
2026-08-20 23:06:57 USER=sadia.rafiq LAB=lab208 HOME=/home/sadia.rafiq
2026-08-20 23:08:20 USER=adil.zafar LAB=lab202 HOME=/home/adil.zafar
2026-08-20 23:09:14 USER=babli.mehta LAB=lab205 HOME=/home/babli.mehta
2026-08-20 23:09:27 USER=adil.zafar LAB=lab202 HOME=/home/adil.zafar
2026-08-20 23:09:29 USER=babli.mehta LAB=lab206 HOME=/home/babli.mehta
2026-08-20 23:09:39 USER=shafaq.zehra LAB=lab206 HOME=/home/shafaq.zehra
2026-08-20 23:10:49 USER=kamaljeet.kaur LAB=lab207 HOME=/home/kamaljeet.kaur
2026-08-20 23:10:57 USER=muhammad.sulaman LAB=lab202 HOME=/home/muhammad.sulaman
2026-08-20 23:11:37 USER=babli.mehta LAB=lab206 HOME=/home/babli.mehta
2026-08-20 23:12:56 USER=asfiya.umair LAB=lab206 HOME=/home/asfiya.umair
2026-08-20 23:20:59 USER=aiman.iqbal LAB=lab201 HOME=/home/aiman.iqbal
2026-08-20 23:23:46 USER=saba.akhtar LAB=lab209 HOME=/home/saba.akhtar
2026-08-20 23:25:14 USER=saba.akhtar LAB=lab209 HOME=/home/saba.akhtar
2026-08-20 23:30:04 USER=muhammad.sulaman LAB=lab203 HOME=/home/muhammad.sulaman
2026-08-20 23:35:13 USER=fatima.tabusum LAB=lab205 HOME=/home/fatima.tabusum
2026-08-20 23:40:23 USER=hamza.bashir LAB=lab206 HOME=/home/hamza.bashir
2026-08-20 23:49:56 USER=aiman.iqbal LAB=lab202 HOME=/home/aiman.iqbal
2026-08-20 23:50:26 USER=lubna.nazir LAB=lab202 HOME=/home/lubna.nazir
2026-08-20 23:50:27 USER=aiman.iqbal LAB=lab202 HOME=/home/aiman.iqbal
2026-08-20 23:53:59 USER=aiman.iqbal LAB=lab202 HOME=/home/aiman.iqbal
2026-08-20 23:57:41 USER=mamoona.ijaz LAB=lab206 HOME=/home/mamoona.ijaz
2026-08-20 23:57:45 USER=zunaira.akhtar LAB=lab206 HOME=/home/zunaira.akhtar
2026-08-20 23:57:45 USER=adil.zafar LAB=lab206 HOME=/home/adil.zafar
2026-08-20 23:58:05 USER=muhammad.sulaman LAB=lab204 HOME=/home/muhammad.sulaman
2026-08-20 23:58:43 USER=adil.zafar LAB=lab202 HOME=/home/adil.zafar
2026-08-20 23:58:44 USER=aiman.iqbal LAB=lab202 HOME=/home/aiman.iqbal
2026-08-20 23:59:30 USER=roha.iqbal LAB=lab206 HOME=/home/roha.iqbal
2026-08-21 00:00:26 USER=aiman.iqbal LAB=lab202 HOME=/home/aiman.iqbal
2026-08-21 00:08:15 USER=saba.akhtar LAB=lab207 HOME=/home/saba.akhtar
2026-08-21 00:09:47 USER=shafaq.zehra LAB=lab206 HOME=/home/shafaq.zehra
2026-08-21 00:10:24 USER=ayesha.abdullah LAB=lab208 HOME=/home/ayesha.abdullah
2026-08-21 00:11:48 USER=zunaira.akhtar LAB=lab206 HOME=/home/zunaira.akhtar
2026-08-21 00:15:40 USER=ayesha.aslam LAB=lab206 HOME=/home/ayesha.aslam
2026-08-21 00:16:56 USER=sumara.abbas LAB=lab206 HOME=/home/sumara.abbas
2026-08-21 00:18:30 USER=fatima.tabusum LAB=lab206 HOME=/home/fatima.tabusum
2026-08-21 00:19:30 USER=harinderpreet.kaur LAB=lab206 HOME=/home/harinderpreet.kaur
2026-08-21 00:23:54 USER=sumara.abbas LAB=lab202 HOME=/home/sumara.abbas
2026-08-21 00:26:11 USER=harinderpreet.kaur LAB=lab206 HOME=/home/harinderpreet.kaur
2026-08-21 00:26:59 USER=zara.khan LAB=lab206 HOME=/home/zara.khan
2026-08-21 00:28:05 USER=ayesha.abdullah LAB=lab202 HOME=/home/ayesha.abdullah
2026-08-21 00:29:47 USER=muhammad.usman LAB=lab203 HOME=/home/muhammad.usman
2026-08-21 00:29:56 USER=muhammad.usman LAB=lab204 HOME=/home/muhammad.usman
2026-08-21 00:30:07 USER=muhammad.usman LAB=lab205 HOME=/home/muhammad.usman
2026-08-21 00:31:12 USER=sajjad.shafiq LAB=lab209 HOME=/home/sajjad.shafiq
2026-08-21 00:34:57 USER=nimat.ullah LAB=lab206 HOME=/home/nimat.ullah
2026-08-21 00:35:37 USER=nimat.ullah LAB=lab206 HOME=/home/nimat.ullah
2026-08-21 00:40:48 USER=babli.mehta LAB=lab208 HOME=/home/babli.mehta
2026-08-21 00:42:43 USER=shafaq.zehra LAB=lab206 HOME=/home/shafaq.zehra
2026-08-21 00:43:34 USER=syedali6908 LAB=lab207 HOME=/home/syedali6908
2026-08-21 00:44:21 USER=nimat.ullah LAB=lab206 HOME=/home/nimat.ullah
2026-08-21 00:44:55 USER=aiman.iqbal LAB=lab203 HOME=/home/aiman.iqbal
2026-08-21 00:46:22 USER=muhammad.usman LAB=lab205 HOME=/home/muhammad.usman
2026-08-21 00:46:28 USER=hershey.tripathi LAB=lab209 HOME=/home/hershey.tripathi
2026-08-21 00:46:40 USER=sajjad.shafiq LAB=lab209 HOME=/home/sajjad.shafiq
2026-08-21 00:47:56 USER=yuliana.cuzzi LAB=lab203 HOME=/home/yuliana.cuzzi
2026-08-21 00:48:13 USER=shafaq.zehra LAB=lab206 HOME=/home/shafaq.zehra
2026-08-21 00:49:23 USER=hershey.tripathi LAB=lab209 HOME=/home/hershey.tripathi
2026-08-21 00:49:27 USER=fakhr.rabbani LAB=lab203 HOME=/home/fakhr.rabbani
2026-08-21 00:49:47 USER=hershey.tripathi LAB=lab209 HOME=/home/hershey.tripathi
2026-08-21 00:53:05 USER=fakhr.rabbani LAB=lab203 HOME=/home/fakhr.rabbani
2026-08-21 00:53:14 USER=hershey.tripathi LAB=lab209 HOME=/home/hershey.tripathi
2026-08-21 00:57:00 USER=babli.mehta LAB=lab209 HOME=/home/babli.mehta
2026-08-21 00:57:38 USER=david.salame LAB=lab201 HOME=/home/david.salame
2026-08-21 00:57:58 USER=nimat.ullah LAB=lab206 HOME=/home/nimat.ullah
2026-08-21 00:59:33 USER=babli.mehta LAB=lab202 HOME=/home/babli.mehta
2026-08-21 01:00:14 USER=aiman.iqbal LAB=lab204 HOME=/home/aiman.iqbal
2026-08-21 01:01:34 USER=syedali6908 LAB=lab207 HOME=/home/syedali6908
2026-08-21 01:02:58 USER=syedali6908 LAB=lab207 HOME=/home/syedali6908
2026-08-21 01:03:45 USER=shafaq.zehra LAB=lab207 HOME=/home/shafaq.zehra
2026-08-21 01:14:01 USER=zara.khan LAB=lab206 HOME=/home/zara.khan
2026-08-21 01:14:37 USER=zara.khan LAB=lab205 HOME=/home/zara.khan
2026-08-21 01:23:15 USER=sumara.abbas LAB=lab202 HOME=/home/sumara.abbas
2026-08-21 01:25:08 USER=sumara.abbas LAB=lab202 HOME=/home/sumara.abbas
2026-08-21 01:39:10 USER=yuliana.cuzzi LAB=lab201 HOME=/home/yuliana.cuzzi
2026-08-21 01:53:02 USER=janit.rashid LAB=lab209 HOME=/home/janit.rashid
2026-08-21 02:42:07 USER=yuliana.cuzzi LAB=lab201 HOME=/home/yuliana.cuzzi
2026-08-21 02:52:02 USER=yuliana.cuzzi LAB=lab201 HOME=/home/yuliana.cuzzi
2026-08-21 02:54:47 USER=muhammad.usman LAB=lab205 HOME=/home/muhammad.usman
2026-08-21 02:58:16 USER=sadia.rafiq LAB=lab208 HOME=/home/sadia.rafiq
2026-08-21 03:04:35 USER=muhammad.khan LAB=lab209 HOME=/home/muhammad.khan
2026-08-21 03:04:52 USER=muhammad.usman LAB=lab205 HOME=/home/muhammad.usman
2026-08-21 03:06:27 USER=muhammad.usman LAB=lab205 HOME=/home/muhammad.usman
2026-08-21 03:07:26 USER=muhammad.usman LAB=lab205 HOME=/home/muhammad.usman
2026-08-21 03:12:29 USER=yuliana.cuzzi LAB=lab201 HOME=/home/yuliana.cuzzi
2026-08-21 03:15:31 USER=yuliana.cuzzi LAB=lab201 HOME=/home/yuliana.cuzzi
2026-08-21 03:15:59 USER=muhammad.usman LAB=lab206 HOME=/home/muhammad.usman
2026-08-21 03:17:16 USER=muhammad.shoaib LAB=lab209 HOME=/home/muhammad.shoaib
2026-08-21 03:17:26 USER=khawar.abbas LAB=lab209 HOME=/home/khawar.abbas
2026-08-21 03:17:55 USER=muhammad.usman LAB=lab206 HOME=/home/muhammad.usman
2026-08-21 03:18:10 USER=muhammad.usman LAB=lab208 HOME=/home/muhammad.usman
2026-08-21 03:18:15 USER=muhammad.shoaib LAB=lab208 HOME=/home/muhammad.shoaib
2026-08-21 03:18:22 USER=muhammad.usman LAB=lab209 HOME=/home/muhammad.usman
2026-08-21 03:18:36 USER=muhammad.usman LAB=lab207 HOME=/home/muhammad.usman
2026-08-21 03:29:59 USER=shafaq.zehra LAB=lab203 HOME=/home/shafaq.zehra
2026-08-21 03:32:46 USER=shafaq.zehra LAB=lab203 HOME=/home/shafaq.zehra
2026-08-21 03:34:14 USER=yuliana.cuzzi LAB=lab208 HOME=/home/yuliana.cuzzi
2026-08-21 03:34:46 USER=yuliana.cuzzi LAB=lab208 HOME=/home/yuliana.cuzzi
2026-08-21 03:46:33 USER=saim.ali LAB=lab210 HOME=/home/saim.ali
2026-08-21 03:48:03 USER=saim.ali LAB=lab210 HOME=/home/saim.ali
2026-08-21 03:51:18 USER=saim.ali LAB=lab210 HOME=/home/saim.ali
2026-08-21 03:53:12 USER=muhammad.sulaman LAB=lab205 HOME=/home/muhammad.sulaman
2026-08-21 04:15:55 USER=muhammad.shoaib LAB=lab208 HOME=/home/muhammad.shoaib
2026-08-21 04:16:12 USER=saim.ali LAB=lab210 HOME=/home/saim.ali
2026-08-21 04:18:22 USER=yuliana.cuzzi LAB=lab208 HOME=/home/yuliana.cuzzi
2026-08-21 04:22:16 USER=saim.ali LAB=lab210 HOME=/home/saim.ali
2026-08-21 04:23:32 USER=saim.ali LAB=lab210 HOME=/home/saim.ali
2026-08-21 04:28:33 USER=saim.ali LAB=lab210 HOME=/home/saim.ali
2026-08-21 04:29:05 USER=saim.ali LAB=lab210 HOME=/home/saim.ali
2026-08-21 04:40:04 USER=saim.ali LAB=lab210 HOME=/home/saim.ali
2026-08-21 04:40:46 USER=saim LAB=lab210 HOME=/home/saim
2026-08-21 04:44:20 USER=saim LAB=lab210 HOME=/home/saim
2026-08-21 05:07:55 USER=mukhtar.mohammed LAB=lab205 HOME=/home/mukhtar.mohammed
2026-08-21 05:08:01 USER=muhammad.sulaman LAB=lab206 HOME=/home/muhammad.sulaman
2026-08-21 05:11:57 USER=mukhtar.mohammed LAB=lab205 HOME=/home/mukhtar.mohammed
2026-08-21 05:46:09 USER=raza.ali LAB=lab210 HOME=/home/raza.ali
2026-08-21 05:53:10 USER=waseem.abbas LAB=lab206 HOME=/home/waseem.abbas
2026-08-21 06:02:36 USER=raza.ali LAB=lab210 HOME=/home/raza.ali
2026-08-21 06:08:28 USER=waseem.abbas LAB=lab206 HOME=/home/waseem.abbas
2026-08-21 06:09:03 USER=waseem.abbas LAB=lab206 HOME=/home/waseem.abbas
2026-08-21 06:11:55 USER=waseem.abbas LAB=lab206 HOME=/home/waseem.abbas
2026-08-21 06:12:51 USER=saffi.ullah LAB=lab206 HOME=/home/saffi.ullah
2026-08-21 06:13:07 USER=raza.ali LAB=lab210 HOME=/home/raza.ali
2026-08-21 06:16:28 USER=saffi.ullah LAB=lab206 HOME=/home/saffi.ullah
2026-08-21 06:17:48 USER=raza.ali LAB=lab210 HOME=/home/raza.ali
2026-08-21 06:21:24 USER=raza.ali LAB=lab210 HOME=/home/raza.ali
2026-08-21 06:25:37 USER=raza.ali LAB=lab210 HOME=/home/raza.ali
2026-08-21 06:26:00 USER=raza.ali LAB=lab210 HOME=/home/raza.ali
2026-08-21 06:27:14 USER=raza.ali LAB=lab210 HOME=/home/raza.ali
2026-08-21 06:29:37 USER=raza.ali LAB=lab210 HOME=/home/raza.ali
2026-08-21 07:18:48 USER=waseem.abbas LAB=lab207 HOME=/home/waseem.abbas
2026-08-21 07:22:01 USER=waseem.abbas LAB=lab207 HOME=/home/waseem.abbas
2026-08-21 09:56:45 USER=sameer.awais LAB=lab208 HOME=/home/sameer.awais
2026-08-21 09:58:20 USER=sameer.awais LAB=lab208 HOME=/home/sameer.awais
2026-08-21 09:59:52 USER=sameer.awais LAB=lab208 HOME=/home/sameer.awais
2026-08-21 10:01:30 USER=sameer.awais LAB=lab208 HOME=/home/sameer.awais
2026-08-21 10:02:17 USER=sameer.awais LAB=lab208 HOME=/home/sameer.awais
2026-08-21 10:04:38 USER=sameer.awais LAB=lab208 HOME=/home/sameer.awais
2026-08-21 10:09:13 USER=sameer.awais LAB=lab208 HOME=/home/sameer.awais
2026-08-21 10:12:27 USER=sameer.awais LAB=lab208 HOME=/home/sameer.awais
2026-08-21 10:13:14 USER=sameer.awais LAB=lab208 HOME=/home/sameer.awais
2026-08-21 10:16:01 USER=sameer.awais LAB=lab208 HOME=/home/sameer.awais
2026-08-21 10:17:28 USER=sameer.awais LAB=lab208 HOME=/home/sameer.awais
2026-08-21 10:20:37 USER=sameer.awais LAB=lab208 HOME=/home/sameer.awais
2026-08-21 10:20:58 USER=sameer.awais LAB=lab207 HOME=/home/sameer.awais
2026-08-21 10:21:04 USER=sameer.awais LAB=lab209 HOME=/home/sameer.awais
2026-08-21 11:59:31 USER=ayesha.abdullah LAB=lab208 HOME=/home/ayesha.abdullah
2026-08-21 12:13:42 USER=awais.sattar LAB=lab203 HOME=/home/awais.sattar
2026-08-21 12:14:29 USER=ayesha.abdullah LAB=lab202 HOME=/home/ayesha.abdullah
2026-08-21 12:14:51 USER=awais.sattar LAB=lab203 HOME=/home/awais.sattar
2026-08-21 12:42:09 USER=awais.sattar LAB=lab204 HOME=/home/awais.sattar
2026-08-21 13:18:55 USER=ayesha.abdullah LAB=lab210 HOME=/home/ayesha.abdullah
2026-08-21 13:40:02 USER=sadia.rafiq LAB=lab209 HOME=/home/sadia.rafiq
